countryiso3,date,admin1,admin2,market,market_id,latitude,longitude,category,commodity,commodity_id,unit,priceflag,pricetype,currency,price,usdprice
MOZ,2025-01-15,Cabo_Delgado,Chiure,Chiure (rural),6664,-13.52,39.61,cereals and tubers,Maize meal,54,25 KG,actual,Retail,MZN,1200,18.97
MOZ,2025-01-15,Inhambane,Govuro,Govuro (rural),6666,-21.17,34.8,cereals and tubers,Maize meal,54,25 KG,actual,Retail,MZN,970,15.33
MOZ,2025-01-15,Inhambane,Panda,Panda (rural),6697,-24.06,34.74,cereals and tubers,Maize meal,54,25 KG,actual,Retail,MZN,1000,15.81
MOZ,2025-01-15,Manica,Machaze,Machaze (rural),6674,-21,33.32,cereals and tubers,Maize meal,54,25 KG,actual,Retail,MZN,1200,18.97
MOZ,2025-01-15,Manica,Macossa,Macossa (rural),6675,-17.7,33.45,cereals and tubers,Maize meal,54,25 KG,actual,Retail,MZN,1355,21.42
MOZ,2025-01-15,Maputo,Namaacha,Namaacha (rural),6693,-25.98,32.02,cereals and tubers,Maize meal,54,25 KG,actual,Retail,MZN,970,15.33
MOZ,2025-01-15,Nampula,Muecate,Meconta (rural),7776,-14.57,39.5,cereals and tubers,Maize meal,54,25 KG,actual,Retail,MZN,1225,19.36
MOZ,2025-01-15,Nampula,Rapale,Rapale (rural),6698,-15.12,39.05,cereals and tubers,Maize meal,54,25 KG,actual,Retail,MZN,1300,20.55
MOZ,2025-01-15,Niassa,Mecanhelas,Mecanhelas (rural),6682,-15.33,36.02,cereals and tubers,Maize meal,54,25 KG,actual,Retail,MZN,1070,16.91
MOZ,2025-01-15,Niassa,Muembe,Muembe (rural),6690,-13.09,35.53,cereals and tubers,Maize meal,54,25 KG,actual,Retail,MZN,1220,19.28
MOZ,2025-01-15,Niassa,Sanga,Sanga (rural),6700,-12.95,35.31,cereals and tubers,Maize meal,54,25 KG,actual,Retail,MZN,1200,18.97
MOZ,2025-01-15,Tete,Cahora_Bassa,Cahora bassa (rural),6659,-15.72,32.66,cereals and tubers,Maize meal,54,25 KG,actual,Retail,MZN,1175,18.57
MOZ,2025-01-15,Tete,Mutarara,Mutarara (rural),6691,-17.3,35.15,cereals and tubers,Maize meal,54,25 KG,actual,Retail,MZN,1250,19.76
MOZ,2025-01-15,Zambezia,Inhassunge,Inhassunge (rural),6667,-18.06,36.75,cereals and tubers,Maize meal,54,25 KG,actual,Retail,MZN,1325,20.94
MOZ,2025-01-15,Zambezia,Nicoadala,Nicoadala (rural),6696,-17.59,36.77,cereals and tubers,Maize meal,54,25 KG,actual,Retail,MZN,1450,22.92
MOZ,2025-03-15,Cabo_Delgado,Ancuabe,Ancuabe (rural),6767,-12.96,39.84,cereals and tubers,Maize meal,54,25 KG,actual,Retail,MZN,1200,18.97
MOZ,2025-03-15,Cabo_Delgado,Chiure,Chiure (rural),6664,-13.52,39.61,cereals and tubers,Maize meal,54,25 KG,actual,Retail,MZN,1200,18.97
MOZ,2025-03-15,Maputo,Namaacha,Namaacha (rural),6693,-25.98,32.02,cereals and tubers,Maize meal,54,25 KG,actual,Retail,MZN,1200,18.97
MOZ,2025-06-15,Cabo_Delgado,Ancuabe,Ancuabe (rural),6767,-12.96,39.84,cereals and tubers,Maize meal,54,25 KG,actual,Retail,MZN,1200,18.86
MOZ,2025-06-15,Inhambane,Mabote,Mabote (rural),6672,-22.06,34.15,cereals and tubers,Maize meal,54,25 KG,actual,Retail,MZN,1225,19.25
MOZ,2025-06-15,Manica,Macossa,Macossa (rural),6675,-17.7,33.45,cereals and tubers,Maize meal,54,25 KG,actual,Retail,MZN,1350,21.22
MOZ,2025-06-15,Nampula,Monapo,Monapo (rural),6686,-14.55,40.18,cereals and tubers,Maize meal,54,25 KG,actual,Retail,MZN,1200,18.86
MOZ,2025-06-15,Nampula,Muecate,Meconta (rural),7776,-14.57,39.5,cereals and tubers,Maize meal,54,25 KG,actual,Retail,MZN,1200,18.86
MOZ,2025-06-15,Nampula,Ribaue,Ribaue (rural),6699,-15.03,38.2,cereals and tubers,Maize meal,54,25 KG,actual,Retail,MZN,1000,15.72
MOZ,2025-06-15,Tete,Marara,Marara (rural),6678,-16.04,33.22,cereals and tubers,Maize meal,54,25 KG,actual,Retail,MZN,1700,26.72
MOZ,2025-06-15,Tete,Mutarara,Mutarara (rural),6691,-17.3,35.15,cereals and tubers,Maize meal,54,25 KG,actual,Retail,MZN,75,1.18
MOZ,2025-06-15,Zambezia,Inhassunge,Inhassunge (rural),6667,-18.06,36.75,cereals and tubers,Maize meal,54,25 KG,actual,Retail,MZN,1450,22.79
MOZ,2025-06-15,Zambezia,Mocuba,Mocuba (rural),6685,-16.7,37.1,cereals and tubers,Maize meal,54,25 KG,actual,Retail,MZN,1100,17.29
MOZ,2025-06-15,Zambezia,Namacurra,Namacurra (rural),6694,-17.49,37.03,cereals and tubers,Maize meal,54,25 KG,actual,Retail,MZN,1100,17.29
MOZ,2025-09-15,Cabo_Delgado,Ancuabe,Ancuabe (rural),6767,-12.96,39.84,cereals and tubers,Maize meal,54,25 KG,actual,Retail,MZN,1200,18.78
MOZ,2025-09-15,Cabo_Delgado,Chiure,Chiure (rural),6664,-13.52,39.61,cereals and tubers,Maize meal,54,25 KG,actual,Retail,MZN,613,9.59
MOZ,2025-09-15,Gaza,Massingir,Massingir (rural),6681,-24.21,32.58,cereals and tubers,Maize meal,54,25 KG,actual,Retail,MZN,900,14.08
MOZ,2025-09-15,Inhambane,Panda,Panda (rural),6697,-24.06,34.74,cereals and tubers,Maize meal,54,25 KG,actual,Retail,MZN,1100,17.21
MOZ,2025-09-15,Manica,Macossa,Macossa (rural),6675,-17.7,33.45,cereals and tubers,Maize meal,54,25 KG,actual,Retail,MZN,1300,20.34
MOZ,2025-09-15,Nampula,Monapo,Monapo (rural),6686,-14.55,40.18,cereals and tubers,Maize meal,54,25 KG,actual,Retail,MZN,980,15.33
MOZ,2025-09-15,Nampula,Muecate,Meconta (rural),7776,-14.57,39.5,cereals and tubers,Maize meal,54,25 KG,actual,Retail,MZN,1175,18.39
MOZ,2025-09-15,Nampula,Ribaue,Ribaue (rural),6699,-15.03,38.2,cereals and tubers,Maize meal,54,25 KG,actual,Retail,MZN,1050,16.43
MOZ,2025-09-15,Tete,Marara,Marara (rural),6678,-16.04,33.22,cereals and tubers,Maize meal,54,25 KG,actual,Retail,MZN,680,10.64
MOZ,2025-09-15,Tete,Mutarara,Mutarara (rural),6691,-17.3,35.15,cereals and tubers,Maize meal,54,25 KG,actual,Retail,MZN,1250,19.56
MOZ,2025-09-15,Zambezia,Namacurra,Namacurra (rural),6694,-17.49,37.03,cereals and tubers,Maize meal,54,25 KG,actual,Retail,MZN,1100,17.21
MOZ,2025-09-15,Zambezia,Nicoadala,Nicoadala (rural),6696,-17.59,36.77,cereals and tubers,Maize meal,54,25 KG,actual,Retail,MZN,1100,17.21
MOZ,2025-12-15,Manica,Machaze,Machaze (rural),6674,-21,33.32,cereals and tubers,Maize meal,54,25 KG,actual,Retail,MZN,1020,15.96
MOZ,2025-12-15,Nampula,Muecate,Meconta (rural),7776,-14.57,39.5,cereals and tubers,Maize meal,54,25 KG,actual,Retail,MZN,1150,17.99
MOZ,2025-12-15,Nampula,Nacala-A-Velha,Nacala-Velha (rural),6692,-14.6,40.61,cereals and tubers,Maize meal,54,25 KG,actual,Retail,MZN,1300,20.34
MOZ,2025-12-15,Niassa,Muembe,Muembe (rural),6690,-13.09,35.53,cereals and tubers,Maize meal,54,25 KG,actual,Retail,MZN,1140,17.84
MOZ,2025-12-15,Zambezia,Morrumbala,Morrumbala (rural),6687,-17.08,35.55,cereals and tubers,Maize meal,54,25 KG,actual,Retail,MZN,1350,21.12
TCD,2025-01-15,Barh El Gazal,Barh El Gazel Sud,Moussoro,233,13.64,16.49,cereals and tubers,Rice (imported),64,KG,actual,Retail,XAF,460,0.72
TCD,2025-01-15,Barh El Gazal,Barh El Gazel Sud,Moussoro,233,13.64,16.49,cereals and tubers,Wheat flour,58,KG,actual,Retail,XAF,497,0.78
TCD,2025-01-15,Batha,Batha-Est,Oumhadjer,5623,13.23,19.24,cereals and tubers,Maize (white),67,KG,actual,Retail,XAF,329,0.52
TCD,2025-01-15,Batha,Batha-Est,Oumhadjer,5623,13.23,19.24,cereals and tubers,Rice (imported),64,KG,actual,Retail,XAF,416,0.65
TCD,2025-01-15,Batha,Batha-Ouest,Ati,2279,13.21,18.33,cereals and tubers,Maize (white),67,KG,actual,Retail,XAF,308,0.48
TCD,2025-01-15,Batha,Batha-Ouest,Ati,2279,13.21,18.33,cereals and tubers,Rice (imported),64,KG,actual,Retail,XAF,399,0.63
TCD,2025-01-15,Batha,Fitri,Yao,2722,12.85,17.56,cereals and tubers,Maize (white),67,KG,actual,Retail,XAF,295,0.46
TCD,2025-01-15,Batha,Fitri,Yao,2722,12.85,17.56,cereals and tubers,Rice (imported),64,KG,actual,Retail,XAF,445,0.7
TCD,2025-01-15,Batha,Fitri,Yao,2722,12.85,17.56,cereals and tubers,Wheat flour,58,KG,actual,Retail,XAF,411,0.64
TCD,2025-01-15,Borkou,Borkou,Faya,4498,17.92,19.11,cereals and tubers,Rice (imported),64,KG,actual,Retail,XAF,559,0.88
TCD,2025-01-15,Borkou,Borkou,Faya,4498,17.92,19.11,cereals and tubers,Wheat flour,58,KG,actual,Retail,XAF,750,1.18
TCD,2025-01-15,Chari Baguirmi,Baguirmi,Dourbali,4500,11.79,15.86,cereals and tubers,Maize (white),67,KG,actual,Retail,XAF,104,0.16
TCD,2025-01-15,Chari Baguirmi,Baguirmi,Dourbali,4500,11.79,15.86,cereals and tubers,Rice (imported),64,KG,actual,Retail,XAF,274,0.43
TCD,2025-01-15,Chari Baguirmi,Baguirmi,Dourbali,4500,11.79,15.86,cereals and tubers,Wheat flour,58,KG,actual,Retail,XAF,274,0.43
TCD,2025-01-15,Chari Baguirmi,Baguirmi,Massenya,2717,11.4,16.17,cereals and tubers,Maize (white),67,KG,actual,Retail,XAF,107,0.17
TCD,2025-01-15,Chari Baguirmi,Baguirmi,Massenya,2717,11.4,16.17,cereals and tubers,Rice (imported),64,KG,actual,Retail,XAF,264,0.41
TCD,2025-01-15,Chari Baguirmi,Baguirmi,Massenya,2717,11.4,16.17,cereals and tubers,Wheat flour,58,KG,actual,Retail,XAF,282,0.44
TCD,2025-01-15,Chari Baguirmi,Chari,Mandelia,2299,11.73,15.24,cereals and tubers,Maize (white),67,KG,actual,Retail,XAF,132,0.21
TCD,2025-01-15,Chari Baguirmi,Chari,Mandelia,2299,11.73,15.24,cereals and tubers,Rice (imported),64,KG,actual,Retail,XAF,266,0.42
TCD,2025-01-15,Chari Baguirmi,Chari,Mandelia,2299,11.73,15.24,cereals and tubers,Wheat flour,58,KG,actual,Retail,XAF,348,0.55
TCD,2025-01-15,Chari Baguirmi,Loug-Chari,Bousso,2287,10.48,16.71,cereals and tubers,Maize (white),67,KG,actual,Retail,XAF,103,0.16
TCD,2025-01-15,Chari Baguirmi,Loug-Chari,Bousso,2287,10.48,16.71,cereals and tubers,Rice (imported),64,KG,actual,Retail,XAF,930,1.46
TCD,2025-01-15,Chari Baguirmi,Loug-Chari,Bousso,2287,10.48,16.71,cereals and tubers,Wheat flour,58,KG,actual,Retail,XAF,271,0.43
TCD,2025-01-15,Ennedi Est,Amdjarass,Amdjarass,4517,16.17,22.83,cereals and tubers,Rice (imported),64,KG,actual,Retail,XAF,486,0.76
TCD,2025-01-15,Ennedi Est,Amdjarass,Amdjarass,4517,16.17,22.83,cereals and tubers,Wheat flour,58,KG,actual,Retail,XAF,435,0.68
TCD,2025-01-15,Ennedi Ouest,Fada,Fada,6104,17.18,21.58,cereals and tubers,Rice (imported),64,KG,actual,Retail,XAF,444,0.7
TCD,2025-01-15,Ennedi Ouest,Fada,Fada,6104,17.18,21.58,cereals and tubers,Wheat flour,58,KG,actual,Retail,XAF,500,0.78
TCD,2025-01-15,Guera,Abtouyour,Bitkine,2719,11.98,18.21,cereals and tubers,Maize (white),67,KG,actual,Retail,XAF,292,0.46
TCD,2025-01-15,Guera,Abtouyour,Bitkine,2719,11.98,18.21,cereals and tubers,Rice (imported),64,KG,actual,Retail,XAF,437,0.69
TCD,2025-01-15,Guera,Abtouyour,Bitkine,2719,11.98,18.21,cereals and tubers,Wheat flour,58,KG,actual,Retail,XAF,407,0.64
TCD,2025-01-15,Guera,Barh-Signaka,Melfi,2755,11.06,17.93,cereals and tubers,Maize (white),67,KG,actual,Retail,XAF,263,0.41
TCD,2025-01-15,Guera,Barh-Signaka,Melfi,2755,11.06,17.93,cereals and tubers,Rice (imported),64,KG,actual,Retail,XAF,355,0.56
TCD,2025-01-15,Guera,Barh-Signaka,Melfi,2755,11.06,17.93,cereals and tubers,Wheat flour,58,KG,actual,Retail,XAF,366,0.57
TCD,2025-01-15,Guera,Guera,Mongo,231,12.18,18.69,cereals and tubers,Maize (white),67,KG,actual,Retail,XAF,308,0.48
TCD,2025-01-15,Guera,Guera,Mongo,231,12.18,18.69,cereals and tubers,Rice (imported),64,KG,actual,Retail,XAF,395,0.62
TCD,2025-01-15,Guera,Guera,Mongo,231,12.18,18.69,cereals and tubers,Wheat flour,58,KG,actual,Retail,XAF,428,0.67
TCD,2025-01-15,Guera,Mangalma,Mangalme,2715,12.36,19.61,cereals and tubers,Maize (white),67,KG,actual,Retail,XAF,323,0.51
TCD,2025-01-15,Guera,Mangalma,Mangalme,2715,12.36,19.61,cereals and tubers,Rice (imported),64,KG,actual,Retail,XAF,495,0.78
TCD,2025-01-15,Guera,Mangalma,Mangalme,2715,12.36,19.61,cereals and tubers,Wheat flour,58,KG,actual,Retail,XAF,449,0.7
TCD,2025-01-15,Hadjer Lamis,Dababa,Bokoro,2296,12.38,17.06,cereals and tubers,Maize (white),67,KG,actual,Retail,XAF,250,0.39
TCD,2025-01-15,Hadjer Lamis,Dababa,Bokoro,2296,12.38,17.06,cereals and tubers,Rice (imported),64,KG,actual,Retail,XAF,456,0.72
TCD,2025-01-15,Hadjer Lamis,Dababa,Bokoro,2296,12.38,17.06,cereals and tubers,Wheat flour,58,KG,actual,Retail,XAF,348,0.55
TCD,2025-01-15,Hadjer Lamis,Dagana,Massakory,2295,13,15.73,cereals and tubers,Maize (white),67,KG,actual,Retail,XAF,340,0.53
TCD,2025-01-15,Hadjer Lamis,Dagana,Massakory,2295,13,15.73,cereals and tubers,Wheat flour,58,KG,actual,Retail,XAF,473,0.74
TCD,2025-01-15,Hadjer Lamis,Haraze-Al-Biar,Massaguet,2716,12.48,15.44,cereals and tubers,Maize (white),67,KG,actual,Retail,XAF,338,0.53
TCD,2025-01-15,Hadjer Lamis,Haraze-Al-Biar,Massaguet,2716,12.48,15.44,cereals and tubers,Rice (imported),64,KG,actual,Retail,XAF,416,0.65
TCD,2025-01-15,Hadjer Lamis,Haraze-Al-Biar,Massaguet,2716,12.48,15.44,cereals and tubers,Wheat flour,58,KG,actual,Retail,XAF,470,0.74
TCD,2025-01-15,Kanem,Kanem,Mao,230,14.12,15.31,cereals and tubers,Maize (white),67,KG,actual,Retail,XAF,364,0.57
TCD,2025-01-15,Kanem,Kanem,Mao,230,14.12,15.31,cereals and tubers,Rice (imported),64,KG,actual,Retail,XAF,483,0.76
TCD,2025-01-15,Kanem,Kanem,Mao,230,14.12,15.31,cereals and tubers,Wheat flour,58,KG,actual,Retail,XAF,1068,1.68
TCD,2025-01-15,Lac,Kaya,Bagassola,4514,13.55,14.3,cereals and tubers,Maize (white),67,KG,actual,Retail,XAF,351,0.55
TCD,2025-01-15,Lac,Kaya,Bagassola,4514,13.55,14.3,cereals and tubers,Rice (imported),64,KG,actual,Retail,XAF,1037,1.63
TCD,2025-01-15,Lac,Kaya,Bagassola,4514,13.55,14.3,cereals and tubers,Wheat flour,58,KG,actual,Retail,XAF,926,1.45
TCD,2025-01-15,Lac,Mamdi,Bol,229,13.5,14.68,cereals and tubers,Maize (white),67,KG,actual,Retail,XAF,363,0.57
TCD,2025-01-15,Lac,Mamdi,Bol,229,13.5,14.68,cereals and tubers,Rice (imported),64,KG,actual,Retail,XAF,902,1.42
TCD,2025-01-15,Lac,Mamdi,Bol,229,13.5,14.68,cereals and tubers,Wheat flour,58,KG,actual,Retail,XAF,957,1.5
TCD,2025-01-15,Lac,Wayi,Ngouri,2297,13.64,15.37,cereals and tubers,Maize (white),67,KG,actual,Retail,XAF,352,0.55
TCD,2025-01-15,Lac,Wayi,Ngouri,2297,13.64,15.37,cereals and tubers,Rice (imported),64,KG,actual,Retail,XAF,899,1.41
TCD,2025-01-15,Lac,Wayi,Ngouri,2297,13.64,15.37,cereals and tubers,Wheat flour,58,KG,actual,Retail,XAF,928,1.46
TCD,2025-01-15,Logone Occidental,Dodje,Mbaïnamar,2298,8.67,15.38,cereals and tubers,Maize (white),67,KG,actual,Retail,XAF,129,0.2
TCD,2025-01-15,Logone Occidental,Dodje,Mbaïnamar,2298,8.67,15.38,cereals and tubers,Rice (imported),64,KG,actual,Retail,XAF,331,0.52
TCD,2025-01-15,Logone Occidental,Dodje,Mbaïnamar,2298,8.67,15.38,cereals and tubers,Wheat flour,58,KG,actual,Retail,XAF,341,0.54
TCD,2025-01-15,Logone Occidental,Gueni,Krim Krim,2714,8.97,15.8,cereals and tubers,Maize (white),67,KG,actual,Retail,XAF,114,0.18
TCD,2025-01-15,Logone Occidental,Gueni,Krim Krim,2714,8.97,15.8,cereals and tubers,Rice (imported),64,KG,actual,Retail,XAF,292,0.46
TCD,2025-01-15,Logone Occidental,Gueni,Krim Krim,2714,8.97,15.8,cereals and tubers,Wheat flour,58,KG,actual,Retail,XAF,301,0.47
TCD,2025-01-15,Logone Occidental,Lac Wey,Moundou,232,8.57,16.08,cereals and tubers,Maize (white),67,KG,actual,Retail,XAF,106,0.17
TCD,2025-01-15,Logone Occidental,Lac Wey,Moundou,232,8.57,16.08,cereals and tubers,Rice (imported),64,KG,actual,Retail,XAF,270,0.42
TCD,2025-01-15,Logone Occidental,Lac Wey,Moundou,232,8.57,16.08,cereals and tubers,Wheat flour,58,KG,actual,Retail,XAF,278,0.44
TCD,2025-01-15,Logone Occidental,Ngourkoussou,Benoye,2292,8.99,16.32,cereals and tubers,Maize (white),67,KG,actual,Retail,XAF,129,0.2
TCD,2025-01-15,Logone Occidental,Ngourkoussou,Benoye,2292,8.99,16.32,cereals and tubers,Rice (imported),64,KG,actual,Retail,XAF,331,0.52
TCD,2025-01-15,Logone Occidental,Ngourkoussou,Benoye,2292,8.99,16.32,cereals and tubers,Wheat flour,58,KG,actual,Retail,XAF,341,0.54
TCD,2025-01-15,Logone Oriental,Kouh-Est,Bodo,2710,8.29,17.14,cereals and tubers,Maize (white),67,KG,actual,Retail,XAF,125,0.2
TCD,2025-01-15,Logone Oriental,Kouh-Est,Bodo,2710,8.29,17.14,cereals and tubers,Rice (imported),64,KG,actual,Retail,XAF,321,0.5
TCD,2025-01-15,Logone Oriental,Kouh-Est,Bodo,2710,8.29,17.14,cereals and tubers,Wheat flour,58,KG,actual,Retail,XAF,331,0.52
TCD,2025-01-15,Logone Oriental,La Nya,Bebedja,2708,8.67,16.57,cereals and tubers,Rice (imported),64,KG,actual,Retail,XAF,326,0.51
TCD,2025-01-15,Logone Oriental,La Nya,Bebedja,2708,8.67,16.57,cereals and tubers,Wheat flour,58,KG,actual,Retail,XAF,336,0.53
TCD,2025-01-15,Logone Oriental,La Nya Pendm,Gore,236,7.92,16.63,cereals and tubers,Maize (white),67,KG,actual,Retail,XAF,136,0.21
TCD,2025-01-15,Logone Oriental,La Nya Pendm,Gore,236,7.92,16.63,cereals and tubers,Rice (imported),64,KG,actual,Retail,XAF,348,0.55
TCD,2025-01-15,Logone Oriental,La Nya Pendm,Gore,236,7.92,16.63,cereals and tubers,Wheat flour,58,KG,actual,Retail,XAF,358,0.56
TCD,2025-01-15,Logone Oriental,La Pend,Doba,2293,8.67,16.86,cereals and tubers,Maize (white),67,KG,actual,Retail,XAF,129,0.2
TCD,2025-01-15,Logone Oriental,La Pend,Doba,2293,8.67,16.86,cereals and tubers,Rice (imported),64,KG,actual,Retail,XAF,331,0.52
TCD,2025-01-15,Logone Oriental,La Pend,Doba,2293,8.67,16.86,cereals and tubers,Wheat flour,58,KG,actual,Retail,XAF,341,0.54
TCD,2025-01-15,Logone Oriental,Monts de Lam,Mbaïbokoum,2303,7.74,15.69,cereals and tubers,Maize (white),67,KG,actual,Retail,XAF,129,0.2
TCD,2025-01-15,Logone Oriental,Monts de Lam,Mbaïbokoum,2303,7.74,15.69,cereals and tubers,Rice (imported),64,KG,actual,Retail,XAF,330,0.52
TCD,2025-01-15,Logone Oriental,Monts de Lam,Mbaïbokoum,2303,7.74,15.69,cereals and tubers,Wheat flour,58,KG,actual,Retail,XAF,339,0.53
TCD,2025-01-15,Mandoul,Barh-Sara,Moissala,2283,8.34,17.76,cereals and tubers,Maize (white),67,KG,actual,Retail,XAF,133,0.21
TCD,2025-01-15,Mandoul,Barh-Sara,Moissala,2283,8.34,17.76,cereals and tubers,Rice (imported),64,KG,actual,Retail,XAF,341,0.54
TCD,2025-01-15,Mandoul,Barh-Sara,Moissala,2283,8.34,17.76,cereals and tubers,Wheat flour,58,KG,actual,Retail,XAF,351,0.55
TCD,2025-01-15,Mandoul,Mandoul Occidental,Bedjondo,4509,8.61,17.19,cereals and tubers,Maize (white),67,KG,actual,Retail,XAF,143,0.22
TCD,2025-01-15,Mandoul,Mandoul Occidental,Bedjondo,4509,8.61,17.19,cereals and tubers,Wheat flour,58,KG,actual,Retail,XAF,376,0.59
TCD,2025-01-15,Mandoul,Mandoul Occidental,Peni,2284,8.8,17.3,cereals and tubers,Maize (white),67,KG,actual,Retail,XAF,140,0.22
TCD,2025-01-15,Mandoul,Mandoul Occidental,Peni,2284,8.8,17.3,cereals and tubers,Rice (imported),64,KG,actual,Retail,XAF,358,0.56
TCD,2025-01-15,Mandoul,Mandoul Oriental,Koumra,2282,8.92,17.55,cereals and tubers,Maize (white),67,KG,actual,Retail,XAF,143,0.22
TCD,2025-01-15,Mandoul,Mandoul Oriental,Koumra,2282,8.92,17.55,cereals and tubers,Rice (imported),64,KG,actual,Retail,XAF,365,0.57
TCD,2025-01-15,Mayo Kebbi Est,Kabia,Pont Karol,4473,9.59,15.49,cereals and tubers,Rice (imported),64,KG,actual,Retail,XAF,338,0.53
TCD,2025-01-15,Mayo Kebbi Est,Kabia,Pont Karol,4473,9.59,15.49,cereals and tubers,Wheat flour,58,KG,actual,Retail,XAF,348,0.55
TCD,2025-01-15,Mayo Kebbi Est,Mayo Boneye,Bongor,1964,10.28,15.39,cereals and tubers,Maize (white),67,KG,actual,Retail,XAF,132,0.21
TCD,2025-01-15,Mayo Kebbi Est,Mayo Boneye,Bongor,1964,10.28,15.39,cereals and tubers,Rice (imported),64,KG,actual,Retail,XAF,338,0.53
TCD,2025-01-15,Mayo Kebbi Est,Mayo Boneye,Bongor,1964,10.28,15.39,cereals and tubers,Wheat flour,58,KG,actual,Retail,XAF,348,0.55
TCD,2025-01-15,Mayo Kebbi Est,Mayo-Lemi,Gueledeng,2712,10.92,15.54,cereals and tubers,Rice (imported),64,KG,actual,Retail,XAF,338,0.53
TCD,2025-01-15,Mayo Kebbi Est,Mont Illi,Fianga,2711,9.92,15.12,cereals and tubers,Maize (white),67,KG,actual,Retail,XAF,132,0.21
TCD,2025-01-15,Mayo Kebbi Est,Mont Illi,Fianga,2711,9.92,15.12,cereals and tubers,Rice (imported),64,KG,actual,Retail,XAF,338,0.53
TCD,2025-01-15,Mayo Kebbi Est,Mont Illi,Fianga,2711,9.92,15.12,cereals and tubers,Wheat flour,58,KG,actual,Retail,XAF,348,0.55
TCD,2025-01-15,Mayo Kebbi Ouest,Lac-LBrn,Lere,2721,9.66,14.22,cereals and tubers,Maize (white),67,KG,actual,Retail,XAF,165,0.26
TCD,2025-01-15,Mayo Kebbi Ouest,Lac-LBrn,Lere,2721,9.66,14.22,cereals and tubers,Rice (imported),64,KG,actual,Retail,XAF,423,0.66
TCD,2025-01-15,Mayo Kebbi Ouest,Lac-LBrn,Lere,2721,9.66,14.22,cereals and tubers,Wheat flour,58,KG,actual,Retail,XAF,435,0.68
TCD,2025-01-15,Mayo Kebbi Ouest,Mayo Binder,Binder,8408,9.96,14.47,cereals and tubers,Maize (white),67,KG,actual,Retail,XAF,168,0.26
TCD,2025-01-15,Mayo Kebbi Ouest,Mayo Binder,Binder,8408,9.96,14.47,cereals and tubers,Rice (imported),64,KG,actual,Retail,XAF,431,0.68
TCD,2025-01-15,Mayo Kebbi Ouest,Mayo Binder,Binder,8408,9.96,14.47,cereals and tubers,Wheat flour,58,KG,actual,Retail,XAF,444,0.7
TCD,2025-01-15,Mayo Kebbi Ouest,Mayo-Dallah,Pala,2288,9.37,14.91,cereals and tubers,Maize (white),67,KG,actual,Retail,XAF,132,0.21
TCD,2025-01-15,Mayo Kebbi Ouest,Mayo-Dallah,Pala,2288,9.37,14.91,cereals and tubers,Rice (imported),64,KG,actual,Retail,XAF,338,0.53
TCD,2025-01-15,Mayo Kebbi Ouest,Mayo-Dallah,Pala,2288,9.37,14.91,cereals and tubers,Wheat flour,58,KG,actual,Retail,XAF,348,0.55
TCD,2025-01-15,Moyen Chari,Barh-K h,Sarh,235,9.14,18.39,cereals and tubers,Maize (white),67,KG,actual,Retail,XAF,156,0.24
TCD,2025-01-15,Moyen Chari,Barh-K h,Sarh,235,9.14,18.39,cereals and tubers,Rice (imported),64,KG,actual,Retail,XAF,399,0.63
TCD,2025-01-15,Moyen Chari,Barh-K h,Sarh,235,9.14,18.39,cereals and tubers,Wheat flour,58,KG,actual,Retail,XAF,399,0.63
TCD,2025-01-15,Moyen Chari,Grande Sido,Danamadji,5618,8.75,18.55,cereals and tubers,Maize (white),67,KG,actual,Retail,XAF,158,0.25
TCD,2025-01-15,Moyen Chari,Grande Sido,Danamadji,5618,8.75,18.55,cereals and tubers,Rice (imported),64,KG,actual,Retail,XAF,406,0.64
TCD,2025-01-15,Moyen Chari,Grande Sido,Danamadji,5618,8.75,18.55,cereals and tubers,Wheat flour,58,KG,actual,Retail,XAF,406,0.64
TCD,2025-01-15,Moyen Chari,Grande Sido,Maro,2285,8.42,18.77,cereals and tubers,Maize (white),67,KG,actual,Retail,XAF,143,0.22
TCD,2025-01-15,Moyen Chari,Grande Sido,Maro,2285,8.42,18.77,cereals and tubers,Rice (imported),64,KG,actual,Retail,XAF,365,0.57
TCD,2025-01-15,Moyen Chari,Grande Sido,Maro,2285,8.42,18.77,cereals and tubers,Wheat flour,58,KG,actual,Retail,XAF,365,0.57
TCD,2025-01-15,Moyen Chari,Grande Sido,Sido,4471,8.25,18.71,cereals and tubers,Maize (white),67,KG,actual,Retail,XAF,146,0.23
TCD,2025-01-15,Moyen Chari,Grande Sido,Sido,4471,8.25,18.71,cereals and tubers,Rice (imported),64,KG,actual,Retail,XAF,373,0.59
TCD,2025-01-15,Moyen Chari,Grande Sido,Sido,4471,8.25,18.71,cereals and tubers,Wheat flour,58,KG,actual,Retail,XAF,373,0.59
TCD,2025-01-15,Moyen Chari,Lac Iro,Kyabe,2281,9.45,18.94,cereals and tubers,Maize (white),67,KG,actual,Retail,XAF,147,0.23
TCD,2025-01-15,Moyen Chari,Lac Iro,Kyabe,2281,9.45,18.94,cereals and tubers,Rice (imported),64,KG,actual,Retail,XAF,375,0.59
TCD,2025-01-15,Moyen Chari,Lac Iro,Kyabe,2281,9.45,18.94,cereals and tubers,Wheat flour,58,KG,actual,Retail,XAF,375,0.59
TCD,2025-01-15,Ndjaména,Ndjamena,Dembe,11368,12.1,15.08,cereals and tubers,Maize (white),67,KG,actual,Retail,XAF,195,0.31
TCD,2025-01-15,Ndjaména,Ndjamena,Dembe,11368,12.1,15.08,cereals and tubers,Rice (imported),64,KG,actual,Retail,XAF,486,0.76
TCD,2025-01-15,Ndjaména,Ndjamena,Dembe,11368,12.1,15.08,cereals and tubers,Wheat flour,58,KG,actual,Retail,XAF,513,0.8
TCD,2025-01-15,Ndjaména,Ndjamena,N'djamena (Atrone),4515,12.09,15.13,cereals and tubers,Maize (white),67,KG,actual,Retail,XAF,190,0.3
TCD,2025-01-15,Ndjaména,Ndjamena,N'djamena (Atrone),4515,12.09,15.13,cereals and tubers,Wheat flour,58,KG,actual,Retail,XAF,500,0.78
TCD,2025-01-15,Ndjaména,Ndjamena,Ndjamena (Marche A Mil),4480,12.11,15.06,cereals and tubers,Maize (white),67,KG,actual,Retail,XAF,196,0.31
TCD,2025-01-15,Ndjaména,Ndjamena,Ndjamena (Marche A Mil),4480,12.11,15.06,cereals and tubers,Rice (imported),64,KG,actual,Retail,XAF,416,0.65
TCD,2025-01-15,Ndjaména,Ndjamena,Ndjamena (Marche A Mil),4480,12.11,15.06,cereals and tubers,Wheat flour,58,KG,actual,Retail,XAF,517,0.81
TCD,2025-01-15,Ouaddai,Assongha,Adre,4519,13.46,22.19,cereals and tubers,Rice (imported),64,KG,actual,Retail,XAF,372,0.58
TCD,2025-01-15,Ouaddai,Assongha,Adre,4519,13.46,22.19,cereals and tubers,Wheat flour,58,KG,actual,Retail,XAF,440,0.69
TCD,2025-01-15,Ouaddai,Ouara,Abeche,228,13.82,20.82,cereals and tubers,Maize (white),67,KG,actual,Retail,XAF,238,0.37
TCD,2025-01-15,Ouaddai,Ouara,Abeche,228,13.82,20.82,cereals and tubers,Wheat flour,58,KG,actual,Retail,XAF,331,0.52
TCD,2025-01-15,Salamat,Aboudeia,Aboudeia,2286,11.45,19.28,cereals and tubers,Maize (white),67,KG,actual,Retail,XAF,286,0.45
TCD,2025-01-15,Salamat,Aboudeia,Aboudeia,2286,11.45,19.28,cereals and tubers,Rice (imported),64,KG,actual,Retail,XAF,321,0.5
TCD,2025-01-15,Salamat,Aboudeia,Aboudeia,2286,11.45,19.28,cereals and tubers,Wheat flour,58,KG,actual,Retail,XAF,398,0.62
TCD,2025-01-15,Salamat,Barh-Azoum,Am Timan,1962,11.04,20.28,cereals and tubers,Maize (white),67,KG,actual,Retail,XAF,366,0.57
TCD,2025-01-15,Salamat,Barh-Azoum,Am Timan,1962,11.04,20.28,cereals and tubers,Rice (imported),64,KG,actual,Retail,XAF,387,0.61
TCD,2025-01-15,Salamat,Barh-Azoum,Am Timan,1962,11.04,20.28,cereals and tubers,Wheat flour,58,KG,actual,Retail,XAF,510,0.8
TCD,2025-01-15,Sila,Kimiti,Goz Beida,2290,12.23,21.41,cereals and tubers,Rice (imported),64,KG,actual,Retail,XAF,355,0.56
TCD,2025-01-15,Sila,Kimiti,Goz Beida,2290,12.23,21.41,cereals and tubers,Wheat flour,58,KG,actual,Retail,XAF,383,0.6
TCD,2025-01-15,Tandjile,Tandjile-Centre,Bere,4508,9.31,16.15,cereals and tubers,Maize (white),67,KG,actual,Retail,XAF,125,0.2
TCD,2025-01-15,Tandjile,Tandjile-Centre,Bere,4508,9.31,16.15,cereals and tubers,Wheat flour,58,KG,actual,Retail,XAF,331,0.52
TCD,2025-01-15,Tandjile,Tandjile-Est,Laï,2289,9.4,16.31,cereals and tubers,Maize (white),67,KG,actual,Retail,XAF,132,0.21
TCD,2025-01-15,Tandjile,Tandjile-Est,Laï,2289,9.4,16.31,cereals and tubers,Rice (imported),64,KG,actual,Retail,XAF,338,0.53
TCD,2025-01-15,Tandjile,Tandjile-Est,Laï,2289,9.4,16.31,cereals and tubers,Wheat flour,58,KG,actual,Retail,XAF,348,0.55
TCD,2025-01-15,Tandjile,Tandjile-Ouest,Kélo,1963,9.31,15.8,cereals and tubers,Rice (imported),64,KG,actual,Retail,XAF,338,0.53
TCD,2025-01-15,Tandjile,Tandjile-Ouest,Kélo,1963,9.31,15.8,cereals and tubers,Wheat flour,58,KG,actual,Retail,XAF,348,0.55
TCD,2025-01-15,Wadi Fira,Biltine,Biltine,2294,14.54,20.91,cereals and tubers,Wheat flour,58,KG,actual,Retail,XAF,365,0.57
TCD,2025-01-15,Wadi Fira,Dar-Tama,Guereda,2713,14.52,22.09,cereals and tubers,Wheat flour,58,KG,actual,Retail,XAF,313,0.49
TCD,2025-01-15,Wadi Fira,Iriba,Iriba,2300,15.13,22.25,cereals and tubers,Rice (imported),64,KG,actual,Retail,XAF,423,0.66
TCD,2025-01-15,Wadi Fira,Iriba,Iriba,2300,15.13,22.25,cereals and tubers,Wheat flour,58,KG,actual,Retail,XAF,418,0.66
TCD,2025-02-15,Barh El Gazal,Barh El Gazel Sud,Moussoro,233,13.64,16.49,cereals and tubers,Rice (imported),64,KG,actual,Retail,XAF,532.73,0.85
TCD,2025-02-15,Barh El Gazal,Barh El Gazel Sud,Moussoro,233,13.64,16.49,cereals and tubers,Wheat flour,58,KG,actual,Retail,XAF,863.64,1.38
TCD,2025-02-15,Batha,Batha-Est,Oumhadjer,5623,13.23,19.24,cereals and tubers,Maize (white),67,KG,actual,Retail,XAF,340,0.54
TCD,2025-02-15,Batha,Batha-Est,Oumhadjer,5623,13.23,19.24,cereals and tubers,Rice (imported),64,KG,actual,Retail,XAF,621.45,0.99
TCD,2025-02-15,Batha,Batha-Est,Oumhadjer,5623,13.23,19.24,cereals and tubers,Wheat flour,58,KG,actual,Retail,XAF,840.91,1.35
TCD,2025-02-15,Batha,Batha-Ouest,Ati,2279,13.21,18.33,cereals and tubers,Maize (white),67,KG,actual,Retail,XAF,340,0.54
TCD,2025-02-15,Batha,Batha-Ouest,Ati,2279,13.21,18.33,cereals and tubers,Rice (imported),64,KG,actual,Retail,XAF,584.36,0.94
TCD,2025-02-15,Batha,Fitri,Yao,2722,12.85,17.56,cereals and tubers,Maize (white),67,KG,actual,Retail,XAF,300,0.48
TCD,2025-02-15,Batha,Fitri,Yao,2722,12.85,17.56,cereals and tubers,Rice (imported),64,KG,actual,Retail,XAF,660.73,1.06
TCD,2025-02-15,Batha,Fitri,Yao,2722,12.85,17.56,cereals and tubers,Wheat flour,58,KG,actual,Retail,XAF,863.64,1.38
TCD,2025-02-15,Borkou,Borkou,Faya,4498,17.92,19.11,cereals and tubers,Wheat flour,58,KG,actual,Retail,XAF,912.46,1.46
TCD,2025-02-15,Chari Baguirmi,Baguirmi,Dourbali,4500,11.79,15.86,cereals and tubers,Maize (white),67,KG,actual,Retail,XAF,306.8,0.49
TCD,2025-02-15,Chari Baguirmi,Baguirmi,Dourbali,4500,11.79,15.86,cereals and tubers,Rice (imported),64,KG,actual,Retail,XAF,469.59,0.75
TCD,2025-02-15,Chari Baguirmi,Baguirmi,Dourbali,4500,11.79,15.86,cereals and tubers,Wheat flour,58,KG,actual,Retail,XAF,785,1.26
TCD,2025-02-15,Chari Baguirmi,Baguirmi,Massenya,2717,11.4,16.17,cereals and tubers,Maize (white),67,KG,actual,Retail,XAF,277.2,0.44
TCD,2025-02-15,Chari Baguirmi,Baguirmi,Massenya,2717,11.4,16.17,cereals and tubers,Rice (imported),64,KG,actual,Retail,XAF,451.61,0.72
TCD,2025-02-15,Chari Baguirmi,Baguirmi,Massenya,2717,11.4,16.17,cereals and tubers,Wheat flour,58,KG,actual,Retail,XAF,863.64,1.38
TCD,2025-02-15,Chari Baguirmi,Chari,Mandelia,2299,11.73,15.24,cereals and tubers,Maize (white),67,KG,actual,Retail,XAF,290.4,0.46
TCD,2025-02-15,Chari Baguirmi,Chari,Mandelia,2299,11.73,15.24,cereals and tubers,Rice (imported),64,KG,actual,Retail,XAF,456.08,0.73
TCD,2025-02-15,Chari Baguirmi,Chari,Mandelia,2299,11.73,15.24,cereals and tubers,Wheat flour,58,KG,actual,Retail,XAF,762.12,1.22
TCD,2025-02-15,Chari Baguirmi,Loug-Chari,Bousso,2287,10.48,16.71,cereals and tubers,Maize (white),67,KG,actual,Retail,XAF,263.2,0.42
TCD,2025-02-15,Chari Baguirmi,Loug-Chari,Bousso,2287,10.48,16.71,cereals and tubers,Rice (imported),64,KG,actual,Retail,XAF,613.85,0.98
TCD,2025-02-15,Chari Baguirmi,Loug-Chari,Bousso,2287,10.48,16.71,cereals and tubers,Wheat flour,58,KG,actual,Retail,XAF,863.64,1.38
TCD,2025-02-15,Ennedi Est,Amdjarass,Amdjarass,4517,16.17,22.83,cereals and tubers,Rice (imported),64,KG,actual,Retail,XAF,1127.27,1.8
TCD,2025-02-15,Ennedi Est,Amdjarass,Amdjarass,4517,16.17,22.83,cereals and tubers,Wheat flour,58,KG,actual,Retail,XAF,1068.18,1.71
TCD,2025-02-15,Ennedi Ouest,Fada,Fada,6104,17.18,21.58,cereals and tubers,Rice (imported),64,KG,actual,Retail,XAF,1181.82,1.89
TCD,2025-02-15,Guera,Abtouyour,Bitkine,2719,11.98,18.21,cereals and tubers,Maize (white),67,KG,actual,Retail,XAF,410,0.66
TCD,2025-02-15,Guera,Abtouyour,Bitkine,2719,11.98,18.21,cereals and tubers,Rice (imported),64,KG,actual,Retail,XAF,726.18,1.16
TCD,2025-02-15,Guera,Abtouyour,Bitkine,2719,11.98,18.21,cereals and tubers,Wheat flour,58,KG,actual,Retail,XAF,840.91,1.35
TCD,2025-02-15,Guera,Barh-Signaka,Melfi,2755,11.06,17.93,cereals and tubers,Maize (white),67,KG,actual,Retail,XAF,393.2,0.63
TCD,2025-02-15,Guera,Barh-Signaka,Melfi,2755,11.06,17.93,cereals and tubers,Rice (imported),64,KG,actual,Retail,XAF,802.55,1.28
TCD,2025-02-15,Guera,Barh-Signaka,Melfi,2755,11.06,17.93,cereals and tubers,Wheat flour,58,KG,actual,Retail,XAF,848.64,1.36
TCD,2025-02-15,Guera,Guera,Mongo,231,12.18,18.69,cereals and tubers,Maize (white),67,KG,actual,Retail,XAF,400,0.64
TCD,2025-02-15,Guera,Guera,Mongo,231,12.18,18.69,cereals and tubers,Rice (imported),64,KG,actual,Retail,XAF,741.82,1.19
TCD,2025-02-15,Guera,Guera,Mongo,231,12.18,18.69,cereals and tubers,Wheat flour,58,KG,actual,Retail,XAF,795.45,1.27
TCD,2025-02-15,Guera,Mangalma,Mangalme,2715,12.36,19.61,cereals and tubers,Maize (white),67,KG,actual,Retail,XAF,430,0.69
TCD,2025-02-15,Guera,Mangalma,Mangalme,2715,12.36,19.61,cereals and tubers,Wheat flour,58,KG,actual,Retail,XAF,886.36,1.42
TCD,2025-02-15,Hadjer Lamis,Dababa,Bokoro,2296,12.38,17.06,cereals and tubers,Maize (white),67,KG,actual,Retail,XAF,300,0.48
TCD,2025-02-15,Hadjer Lamis,Dababa,Bokoro,2296,12.38,17.06,cereals and tubers,Rice (imported),64,KG,actual,Retail,XAF,605.45,0.97
TCD,2025-02-15,Hadjer Lamis,Dababa,Bokoro,2296,12.38,17.06,cereals and tubers,Wheat flour,58,KG,actual,Retail,XAF,818.18,1.31
TCD,2025-02-15,Hadjer Lamis,Dagana,Massakory,2295,13,15.73,cereals and tubers,Maize (white),67,KG,actual,Retail,XAF,320,0.51
TCD,2025-02-15,Hadjer Lamis,Dagana,Massakory,2295,13,15.73,cereals and tubers,Rice (imported),64,KG,actual,Retail,XAF,646.18,1.03
TCD,2025-02-15,Hadjer Lamis,Dagana,Massakory,2295,13,15.73,cereals and tubers,Wheat flour,58,KG,actual,Retail,XAF,840.91,1.35
TCD,2025-02-15,Hadjer Lamis,Haraze-Al-Biar,Massaguet,2716,12.48,15.44,cereals and tubers,Maize (white),67,KG,actual,Retail,XAF,360,0.58
TCD,2025-02-15,Hadjer Lamis,Haraze-Al-Biar,Massaguet,2716,12.48,15.44,cereals and tubers,Wheat flour,58,KG,actual,Retail,XAF,818.18,1.31
TCD,2025-02-15,Kanem,Kanem,Mao,230,14.12,15.31,cereals and tubers,Maize (white),67,KG,actual,Retail,XAF,440,0.7
TCD,2025-02-15,Kanem,Kanem,Mao,230,14.12,15.31,cereals and tubers,Rice (imported),64,KG,actual,Retail,XAF,559.1,0.89
TCD,2025-02-15,Kanem,Kanem,Mao,230,14.12,15.31,cereals and tubers,Wheat flour,58,KG,actual,Retail,XAF,863.64,1.38
TCD,2025-02-15,Lac,Kaya,Bagassola,4514,13.55,14.3,cereals and tubers,Maize (white),67,KG,actual,Retail,XAF,409.73,0.66
TCD,2025-02-15,Lac,Kaya,Bagassola,4514,13.55,14.3,cereals and tubers,Wheat flour,58,KG,actual,Retail,XAF,795.45,1.27
TCD,2025-02-15,Lac,Mamdi,Bol,229,13.5,14.68,cereals and tubers,Maize (white),67,KG,actual,Retail,XAF,340,0.54
TCD,2025-02-15,Lac,Mamdi,Bol,229,13.5,14.68,cereals and tubers,Wheat flour,58,KG,actual,Retail,XAF,795.45,1.27
TCD,2025-02-15,Lac,Wayi,Ngouri,2297,13.64,15.37,cereals and tubers,Maize (white),67,KG,actual,Retail,XAF,409.73,0.66
TCD,2025-02-15,Lac,Wayi,Ngouri,2297,13.64,15.37,cereals and tubers,Rice (imported),64,KG,actual,Retail,XAF,595.6,0.95
TCD,2025-02-15,Lac,Wayi,Ngouri,2297,13.64,15.37,cereals and tubers,Wheat flour,58,KG,actual,Retail,XAF,761.36,1.22
TCD,2025-02-15,Logone Occidental,Dodje,Mbaïnamar,2298,8.67,15.38,cereals and tubers,Maize (white),67,KG,actual,Retail,XAF,210.4,0.34
TCD,2025-02-15,Logone Occidental,Dodje,Mbaïnamar,2298,8.67,15.38,cereals and tubers,Rice (imported),64,KG,actual,Retail,XAF,556.36,0.89
TCD,2025-02-15,Logone Occidental,Dodje,Mbaïnamar,2298,8.67,15.38,cereals and tubers,Wheat flour,58,KG,actual,Retail,XAF,861.3,1.38
TCD,2025-02-15,Logone Occidental,Gueni,Krim Krim,2714,8.97,15.8,cereals and tubers,Maize (white),67,KG,actual,Retail,XAF,246.84,0.39
TCD,2025-02-15,Logone Occidental,Gueni,Krim Krim,2714,8.97,15.8,cereals and tubers,Wheat flour,58,KG,actual,Retail,XAF,821.82,1.32
TCD,2025-02-15,Logone Occidental,Lac Wey,Moundou,232,8.57,16.08,cereals and tubers,Rice (imported),64,KG,actual,Retail,XAF,492.17,0.79
TCD,2025-02-15,Logone Occidental,Lac Wey,Moundou,232,8.57,16.08,cereals and tubers,Wheat flour,58,KG,actual,Retail,XAF,835.2,1.34
TCD,2025-02-15,Logone Occidental,Ngourkoussou,Benoye,2292,8.99,16.32,cereals and tubers,Maize (white),67,KG,actual,Retail,XAF,299.64,0.48
TCD,2025-02-15,Logone Occidental,Ngourkoussou,Benoye,2292,8.99,16.32,cereals and tubers,Rice (imported),64,KG,actual,Retail,XAF,564.73,0.9
TCD,2025-02-15,Logone Occidental,Ngourkoussou,Benoye,2292,8.99,16.32,cereals and tubers,Wheat flour,58,KG,actual,Retail,XAF,871.74,1.39
TCD,2025-02-15,Logone Oriental,Kouh-Est,Bodo,2710,8.29,17.14,cereals and tubers,Maize (white),67,KG,actual,Retail,XAF,228.36,0.37
TCD,2025-02-15,Logone Oriental,Kouh-Est,Bodo,2710,8.29,17.14,cereals and tubers,Rice (imported),64,KG,actual,Retail,XAF,536.36,0.86
TCD,2025-02-15,Logone Oriental,Kouh-Est,Bodo,2710,8.29,17.14,cereals and tubers,Wheat flour,58,KG,actual,Retail,XAF,815,1.3
TCD,2025-02-15,Logone Oriental,La Nya,Bebedja,2708,8.67,16.57,cereals and tubers,Maize (white),67,KG,actual,Retail,XAF,201.96,0.32
TCD,2025-02-15,Logone Oriental,La Nya,Bebedja,2708,8.67,16.57,cereals and tubers,Rice (imported),64,KG,actual,Retail,XAF,524.36,0.84
TCD,2025-02-15,Logone Oriental,La Nya,Bebedja,2708,8.67,16.57,cereals and tubers,Wheat flour,58,KG,actual,Retail,XAF,785.91,1.26
TCD,2025-02-15,Logone Oriental,La Nya Pendm,Gore,236,7.92,16.63,cereals and tubers,Maize (white),67,KG,actual,Retail,XAF,254.76,0.41
TCD,2025-02-15,Logone Oriental,La Nya Pendm,Gore,236,7.92,16.63,cereals and tubers,Rice (imported),64,KG,actual,Retail,XAF,528.36,0.85
TCD,2025-02-15,Logone Oriental,La Nya Pendm,Gore,236,7.92,16.63,cereals and tubers,Wheat flour,58,KG,actual,Retail,XAF,835.2,1.34
TCD,2025-02-15,Logone Oriental,La Pend,Doba,2293,8.67,16.86,cereals and tubers,Maize (white),67,KG,actual,Retail,XAF,254.76,0.41
TCD,2025-02-15,Logone Oriental,La Pend,Doba,2293,8.67,16.86,cereals and tubers,Rice (imported),64,KG,actual,Retail,XAF,483.64,0.77
TCD,2025-02-15,Logone Oriental,La Pend,Doba,2293,8.67,16.86,cereals and tubers,Wheat flour,58,KG,actual,Retail,XAF,811.36,1.3
TCD,2025-02-15,Logone Oriental,Monts de Lam,Mbaïbokoum,2303,7.74,15.69,cereals and tubers,Maize (white),67,KG,actual,Retail,XAF,237.6,0.38
TCD,2025-02-15,Logone Oriental,Monts de Lam,Mbaïbokoum,2303,7.74,15.69,cereals and tubers,Rice (imported),64,KG,actual,Retail,XAF,520,0.83
TCD,2025-02-15,Logone Oriental,Monts de Lam,Mbaïbokoum,2303,7.74,15.69,cereals and tubers,Wheat flour,58,KG,actual,Retail,XAF,871.74,1.39
TCD,2025-02-15,Mandoul,Barh-Sara,Moissala,2283,8.34,17.76,cereals and tubers,Maize (white),67,KG,actual,Retail,XAF,316.8,0.51
TCD,2025-02-15,Mandoul,Barh-Sara,Moissala,2283,8.34,17.76,cereals and tubers,Rice (imported),64,KG,actual,Retail,XAF,508.36,0.81
TCD,2025-02-15,Mandoul,Mandoul Occidental,Bedjondo,4509,8.61,17.19,cereals and tubers,Maize (white),67,KG,actual,Retail,XAF,339.29,0.54
TCD,2025-02-15,Mandoul,Mandoul Occidental,Bedjondo,4509,8.61,17.19,cereals and tubers,Rice (imported),64,KG,actual,Retail,XAF,505.01,0.81
TCD,2025-02-15,Mandoul,Mandoul Occidental,Bedjondo,4509,8.61,17.19,cereals and tubers,Wheat flour,58,KG,actual,Retail,XAF,848.64,1.36
TCD,2025-02-15,Mandoul,Mandoul Occidental,Peni,2284,8.8,17.3,cereals and tubers,Maize (white),67,KG,actual,Retail,XAF,332.64,0.53
TCD,2025-02-15,Mandoul,Mandoul Occidental,Peni,2284,8.8,17.3,cereals and tubers,Rice (imported),64,KG,actual,Retail,XAF,495.22,0.79
TCD,2025-02-15,Mandoul,Mandoul Occidental,Peni,2284,8.8,17.3,cereals and tubers,Wheat flour,58,KG,actual,Retail,XAF,832.27,1.33
TCD,2025-02-15,Mandoul,Mandoul Oriental,Koumra,2282,8.92,17.55,cereals and tubers,Maize (white),67,KG,actual,Retail,XAF,318.12,0.51
TCD,2025-02-15,Mandoul,Mandoul Oriental,Koumra,2282,8.92,17.55,cereals and tubers,Rice (imported),64,KG,actual,Retail,XAF,483.64,0.77
TCD,2025-02-15,Mandoul,Mandoul Oriental,Koumra,2282,8.92,17.55,cereals and tubers,Wheat flour,58,KG,actual,Retail,XAF,863.64,1.38
TCD,2025-02-15,Mayo Kebbi Est,Kabia,Pont Karol,4473,9.59,15.49,cereals and tubers,Rice (imported),64,KG,actual,Retail,XAF,524.36,0.84
TCD,2025-02-15,Mayo Kebbi Est,Kabia,Pont Karol,4473,9.59,15.49,cereals and tubers,Wheat flour,58,KG,actual,Retail,XAF,865.45,1.38
TCD,2025-02-15,Mayo Kebbi Est,Mayo Boneye,Bongor,1964,10.28,15.39,cereals and tubers,Maize (white),67,KG,actual,Retail,XAF,303.2,0.49
TCD,2025-02-15,Mayo Kebbi Est,Mayo Boneye,Bongor,1964,10.28,15.39,cereals and tubers,Rice (imported),64,KG,actual,Retail,XAF,541.09,0.87
TCD,2025-02-15,Mayo Kebbi Est,Mayo-Lemi,Gueledeng,2712,10.92,15.54,cereals and tubers,Rice (imported),64,KG,actual,Retail,XAF,542.87,0.87
TCD,2025-02-15,Mayo Kebbi Est,Mont Illi,Fianga,2711,9.92,15.12,cereals and tubers,Maize (white),67,KG,actual,Retail,XAF,316.4,0.51
TCD,2025-02-15,Mayo Kebbi Est,Mont Illi,Fianga,2711,9.92,15.12,cereals and tubers,Rice (imported),64,KG,actual,Retail,XAF,577.45,0.92
TCD,2025-02-15,Mayo Kebbi Est,Mont Illi,Fianga,2711,9.92,15.12,cereals and tubers,Wheat flour,58,KG,actual,Retail,XAF,829.98,1.33
TCD,2025-02-15,Mayo Kebbi Ouest,Lac-LBrn,Lere,2721,9.66,14.22,cereals and tubers,Maize (white),67,KG,actual,Retail,XAF,289.6,0.46
TCD,2025-02-15,Mayo Kebbi Ouest,Lac-LBrn,Lere,2721,9.66,14.22,cereals and tubers,Rice (imported),64,KG,actual,Retail,XAF,573.29,0.92
TCD,2025-02-15,Mayo Kebbi Ouest,Lac-LBrn,Lere,2721,9.66,14.22,cereals and tubers,Wheat flour,58,KG,actual,Retail,XAF,931.82,1.49
TCD,2025-02-15,Mayo Kebbi Ouest,Mayo Binder,Binder,8408,9.96,14.47,cereals and tubers,Maize (white),67,KG,actual,Retail,XAF,296.8,0.47
TCD,2025-02-15,Mayo Kebbi Ouest,Mayo Binder,Binder,8408,9.96,14.47,cereals and tubers,Rice (imported),64,KG,actual,Retail,XAF,584.65,0.94
TCD,2025-02-15,Mayo Kebbi Ouest,Mayo Binder,Binder,8408,9.96,14.47,cereals and tubers,Wheat flour,58,KG,actual,Retail,XAF,909.09,1.45
TCD,2025-02-15,Mayo Kebbi Ouest,Mayo-Dallah,Pala,2288,9.37,14.91,cereals and tubers,Maize (white),67,KG,actual,Retail,XAF,289.6,0.46
TCD,2025-02-15,Mayo Kebbi Ouest,Mayo-Dallah,Pala,2288,9.37,14.91,cereals and tubers,Rice (imported),64,KG,actual,Retail,XAF,512.45,0.82
TCD,2025-02-15,Mayo Kebbi Ouest,Mayo-Dallah,Pala,2288,9.37,14.91,cereals and tubers,Wheat flour,58,KG,actual,Retail,XAF,853.64,1.37
TCD,2025-02-15,Moyen Chari,Barh-K h,Sarh,235,9.14,18.39,cereals and tubers,Maize (white),67,KG,actual,Retail,XAF,343.2,0.55
TCD,2025-02-15,Moyen Chari,Barh-K h,Sarh,235,9.14,18.39,cereals and tubers,Rice (imported),64,KG,actual,Retail,XAF,532.73,0.85
TCD,2025-02-15,Moyen Chari,Barh-K h,Sarh,235,9.14,18.39,cereals and tubers,Wheat flour,58,KG,actual,Retail,XAF,704.55,1.13
TCD,2025-02-15,Moyen Chari,Grande Sido,Danamadji,5618,8.75,18.55,cereals and tubers,Maize (white),67,KG,actual,Retail,XAF,364.32,0.58
TCD,2025-02-15,Moyen Chari,Grande Sido,Danamadji,5618,8.75,18.55,cereals and tubers,Rice (imported),64,KG,actual,Retail,XAF,463.78,0.74
TCD,2025-02-15,Moyen Chari,Grande Sido,Danamadji,5618,8.75,18.55,cereals and tubers,Wheat flour,58,KG,actual,Retail,XAF,623.61,1
TCD,2025-02-15,Moyen Chari,Grande Sido,Maro,2285,8.42,18.77,cereals and tubers,Maize (white),67,KG,actual,Retail,XAF,327.89,0.52
TCD,2025-02-15,Moyen Chari,Grande Sido,Maro,2285,8.42,18.77,cereals and tubers,Rice (imported),64,KG,actual,Retail,XAF,550.91,0.88
TCD,2025-02-15,Moyen Chari,Grande Sido,Maro,2285,8.42,18.77,cereals and tubers,Wheat flour,58,KG,actual,Retail,XAF,561.25,0.9
TCD,2025-02-15,Moyen Chari,Grande Sido,Sido,4471,8.25,18.71,cereals and tubers,Rice (imported),64,KG,actual,Retail,XAF,572.73,0.92
TCD,2025-02-15,Moyen Chari,Grande Sido,Sido,4471,8.25,18.71,cereals and tubers,Wheat flour,58,KG,actual,Retail,XAF,573.72,0.92
TCD,2025-02-15,Moyen Chari,Lac Iro,Kyabe,2281,9.45,18.94,cereals and tubers,Maize (white),67,KG,actual,Retail,XAF,300.96,0.48
TCD,2025-02-15,Moyen Chari,Lac Iro,Kyabe,2281,9.45,18.94,cereals and tubers,Rice (imported),64,KG,actual,Retail,XAF,524.36,0.84
TCD,2025-02-15,Ndjaména,Ndjamena,Dembe,11368,12.1,15.08,cereals and tubers,Maize (white),67,KG,actual,Retail,XAF,376.2,0.6
TCD,2025-02-15,Ndjaména,Ndjamena,Dembe,11368,12.1,15.08,cereals and tubers,Rice (imported),64,KG,actual,Retail,XAF,598.64,0.96
TCD,2025-02-15,Ndjaména,Ndjamena,Dembe,11368,12.1,15.08,cereals and tubers,Wheat flour,58,KG,actual,Retail,XAF,727.27,1.16
TCD,2025-02-15,Ndjaména,Ndjamena,N'djamena (Atrone),4515,12.09,15.13,cereals and tubers,Maize (white),67,KG,actual,Retail,XAF,366.8,0.59
TCD,2025-02-15,Ndjaména,Ndjamena,N'djamena (Atrone),4515,12.09,15.13,cereals and tubers,Wheat flour,58,KG,actual,Retail,XAF,738.64,1.18
TCD,2025-02-15,Ndjaména,Ndjamena,Ndjamena (Marche A Mil),4480,12.11,15.06,cereals and tubers,Maize (white),67,KG,actual,Retail,XAF,376.2,0.6
TCD,2025-02-15,Ndjaména,Ndjamena,Ndjamena (Marche A Mil),4480,12.11,15.06,cereals and tubers,Rice (imported),64,KG,actual,Retail,XAF,588.36,0.94
TCD,2025-02-15,Ndjaména,Ndjamena,Ndjamena (Marche A Mil),4480,12.11,15.06,cereals and tubers,Wheat flour,58,KG,actual,Retail,XAF,761.36,1.22
TCD,2025-02-15,Ouaddai,Assongha,Adre,4519,13.46,22.19,cereals and tubers,Rice (imported),64,KG,actual,Retail,XAF,1000,1.6
TCD,2025-02-15,Ouaddai,Assongha,Adre,4519,13.46,22.19,cereals and tubers,Wheat flour,58,KG,actual,Retail,XAF,996.5,1.59
TCD,2025-02-15,Ouaddai,Ouara,Abeche,228,13.82,20.82,cereals and tubers,Maize (white),67,KG,actual,Retail,XAF,390,0.62
TCD,2025-02-15,Ouaddai,Ouara,Abeche,228,13.82,20.82,cereals and tubers,Wheat flour,58,KG,actual,Retail,XAF,866.52,1.39
TCD,2025-02-15,Salamat,Aboudeia,Aboudeia,2286,11.45,19.28,cereals and tubers,Maize (white),67,KG,actual,Retail,XAF,340,0.54
TCD,2025-02-15,Salamat,Aboudeia,Aboudeia,2286,11.45,19.28,cereals and tubers,Rice (imported),64,KG,actual,Retail,XAF,758.55,1.21
TCD,2025-02-15,Salamat,Aboudeia,Aboudeia,2286,11.45,19.28,cereals and tubers,Wheat flour,58,KG,actual,Retail,XAF,873.83,1.4
TCD,2025-02-15,Salamat,Barh-Azoum,Am Timan,1962,11.04,20.28,cereals and tubers,Maize (white),67,KG,actual,Retail,XAF,320,0.51
TCD,2025-02-15,Salamat,Barh-Azoum,Am Timan,1962,11.04,20.28,cereals and tubers,Rice (imported),64,KG,actual,Retail,XAF,804.36,1.29
TCD,2025-02-15,Salamat,Barh-Azoum,Am Timan,1962,11.04,20.28,cereals and tubers,Wheat flour,58,KG,actual,Retail,XAF,818.18,1.31
TCD,2025-02-15,Sila,Kimiti,Goz Beida,2290,12.23,21.41,cereals and tubers,Maize (white),67,KG,actual,Retail,XAF,360,0.58
TCD,2025-02-15,Sila,Kimiti,Goz Beida,2290,12.23,21.41,cereals and tubers,Rice (imported),64,KG,actual,Retail,XAF,963.64,1.54
TCD,2025-02-15,Sila,Kimiti,Goz Beida,2290,12.23,21.41,cereals and tubers,Wheat flour,58,KG,actual,Retail,XAF,866.52,1.39
TCD,2025-02-15,Tandjile,Tandjile-Centre,Bere,4508,9.31,16.15,cereals and tubers,Maize (white),67,KG,actual,Retail,XAF,326.04,0.52
TCD,2025-02-15,Tandjile,Tandjile-Centre,Bere,4508,9.31,16.15,cereals and tubers,Rice (imported),64,KG,actual,Retail,XAF,558.91,0.89
TCD,2025-02-15,Tandjile,Tandjile-Centre,Bere,4508,9.31,16.15,cereals and tubers,Wheat flour,58,KG,actual,Retail,XAF,927.33,1.48
TCD,2025-02-15,Tandjile,Tandjile-Est,Laï,2289,9.4,16.31,cereals and tubers,Maize (white),67,KG,actual,Retail,XAF,343.2,0.55
TCD,2025-02-15,Tandjile,Tandjile-Est,Laï,2289,9.4,16.31,cereals and tubers,Rice (imported),64,KG,actual,Retail,XAF,519.27,0.83
TCD,2025-02-15,Tandjile,Tandjile-Est,Laï,2289,9.4,16.31,cereals and tubers,Wheat flour,58,KG,actual,Retail,XAF,863.64,1.38
TCD,2025-02-15,Tandjile,Tandjile-Ouest,Kélo,1963,9.31,15.8,cereals and tubers,Rice (imported),64,KG,actual,Retail,XAF,573.29,0.92
TCD,2025-02-15,Tandjile,Tandjile-Ouest,Kélo,1963,9.31,15.8,cereals and tubers,Wheat flour,58,KG,actual,Retail,XAF,850.86,1.36
TCD,2025-02-15,Wadi Fira,Biltine,Biltine,2294,14.54,20.91,cereals and tubers,Rice (imported),64,KG,actual,Retail,XAF,764.73,1.22
TCD,2025-02-15,Wadi Fira,Biltine,Biltine,2294,14.54,20.91,cereals and tubers,Wheat flour,58,KG,actual,Retail,XAF,918.72,1.47
TCD,2025-02-15,Wadi Fira,Dar-Tama,Guereda,2713,14.52,22.09,cereals and tubers,Wheat flour,58,KG,actual,Retail,XAF,798.66,1.28
TCD,2025-02-15,Wadi Fira,Iriba,Iriba,2300,15.13,22.25,cereals and tubers,Rice (imported),64,KG,actual,Retail,XAF,1018.18,1.63
TCD,2025-02-15,Wadi Fira,Iriba,Iriba,2300,15.13,22.25,cereals and tubers,Wheat flour,58,KG,actual,Retail,XAF,840.91,1.35
TCD,2025-03-15,Barh El Gazal,Barh El Gazel Sud,Moussoro,233,13.64,16.49,cereals and tubers,Maize (white),67,KG,actual,Retail,XAF,460,0.76
TCD,2025-03-15,Barh El Gazal,Barh El Gazel Sud,Moussoro,233,13.64,16.49,cereals and tubers,Rice (imported),64,KG,actual,Retail,XAF,589.86,0.98
TCD,2025-03-15,Barh El Gazal,Barh El Gazel Sud,Moussoro,233,13.64,16.49,cereals and tubers,Wheat flour,58,KG,actual,Retail,XAF,863.64,1.44
TCD,2025-03-15,Batha,Batha-Est,Oumhadjer,5623,13.23,19.24,cereals and tubers,Maize (white),67,KG,actual,Retail,XAF,380,0.63
TCD,2025-03-15,Batha,Batha-Est,Oumhadjer,5623,13.23,19.24,cereals and tubers,Rice (imported),64,KG,actual,Retail,XAF,638.91,1.06
TCD,2025-03-15,Batha,Batha-Ouest,Ati,2279,13.21,18.33,cereals and tubers,Maize (white),67,KG,actual,Retail,XAF,342.4,0.57
TCD,2025-03-15,Batha,Batha-Ouest,Ati,2279,13.21,18.33,cereals and tubers,Rice (imported),64,KG,actual,Retail,XAF,566.48,0.94
TCD,2025-03-15,Batha,Batha-Ouest,Ati,2279,13.21,18.33,cereals and tubers,Wheat flour,58,KG,actual,Retail,XAF,818.18,1.36
TCD,2025-03-15,Batha,Fitri,Yao,2722,12.85,17.56,cereals and tubers,Maize (white),67,KG,actual,Retail,XAF,320,0.53
TCD,2025-03-15,Batha,Fitri,Yao,2722,12.85,17.56,cereals and tubers,Rice (imported),64,KG,actual,Retail,XAF,604.36,1
TCD,2025-03-15,Batha,Fitri,Yao,2722,12.85,17.56,cereals and tubers,Wheat flour,58,KG,actual,Retail,XAF,840.91,1.4
TCD,2025-03-15,Borkou,Borkou,Faya,4498,17.92,19.11,cereals and tubers,Wheat flour,58,KG,actual,Retail,XAF,880.44,1.46
TCD,2025-03-15,Chari Baguirmi,Baguirmi,Dourbali,4500,11.79,15.86,cereals and tubers,Maize (white),67,KG,actual,Retail,XAF,293.2,0.49
TCD,2025-03-15,Chari Baguirmi,Baguirmi,Dourbali,4500,11.79,15.86,cereals and tubers,Wheat flour,58,KG,actual,Retail,XAF,795.45,1.32
TCD,2025-03-15,Chari Baguirmi,Baguirmi,Massenya,2717,11.4,16.17,cereals and tubers,Maize (white),67,KG,actual,Retail,XAF,264.4,0.44
TCD,2025-03-15,Chari Baguirmi,Baguirmi,Massenya,2717,11.4,16.17,cereals and tubers,Rice (imported),64,KG,actual,Retail,XAF,498.41,0.83
TCD,2025-03-15,Chari Baguirmi,Baguirmi,Massenya,2717,11.4,16.17,cereals and tubers,Wheat flour,58,KG,actual,Retail,XAF,802.73,1.33
TCD,2025-03-15,Chari Baguirmi,Chari,Mandelia,2299,11.73,15.24,cereals and tubers,Maize (white),67,KG,actual,Retail,XAF,303.6,0.5
TCD,2025-03-15,Chari Baguirmi,Chari,Mandelia,2299,11.73,15.24,cereals and tubers,Rice (imported),64,KG,actual,Retail,XAF,503.34,0.84
TCD,2025-03-15,Chari Baguirmi,Chari,Mandelia,2299,11.73,15.24,cereals and tubers,Wheat flour,58,KG,actual,Retail,XAF,738.64,1.23
TCD,2025-03-15,Chari Baguirmi,Loug-Chari,Bousso,2287,10.48,16.71,cereals and tubers,Maize (white),67,KG,actual,Retail,XAF,249.6,0.41
TCD,2025-03-15,Chari Baguirmi,Loug-Chari,Bousso,2287,10.48,16.71,cereals and tubers,Rice (imported),64,KG,actual,Retail,XAF,679.76,1.13
TCD,2025-03-15,Chari Baguirmi,Loug-Chari,Bousso,2287,10.48,16.71,cereals and tubers,Wheat flour,58,KG,actual,Retail,XAF,871.36,1.45
TCD,2025-03-15,Ennedi Est,Amdjarass,Amdjarass,4517,16.17,22.83,cereals and tubers,Rice (imported),64,KG,actual,Retail,XAF,1144.73,1.9
TCD,2025-03-15,Ennedi Est,Amdjarass,Amdjarass,4517,16.17,22.83,cereals and tubers,Wheat flour,58,KG,actual,Retail,XAF,1136.36,1.89
TCD,2025-03-15,Ennedi Ouest,Fada,Fada,6104,17.18,21.58,cereals and tubers,Rice (imported),64,KG,actual,Retail,XAF,1163.64,1.93
TCD,2025-03-15,Ennedi Ouest,Fada,Fada,6104,17.18,21.58,cereals and tubers,Wheat flour,58,KG,actual,Retail,XAF,1136.36,1.89
TCD,2025-03-15,Guera,Abtouyour,Bitkine,2719,11.98,18.21,cereals and tubers,Maize (white),67,KG,actual,Retail,XAF,410,0.68
TCD,2025-03-15,Guera,Abtouyour,Bitkine,2719,11.98,18.21,cereals and tubers,Rice (imported),64,KG,actual,Retail,XAF,738.55,1.23
TCD,2025-03-15,Guera,Abtouyour,Bitkine,2719,11.98,18.21,cereals and tubers,Wheat flour,58,KG,actual,Retail,XAF,892.62,1.48
TCD,2025-03-15,Guera,Barh-Signaka,Melfi,2755,11.06,17.93,cereals and tubers,Maize (white),67,KG,actual,Retail,XAF,384,0.64
TCD,2025-03-15,Guera,Barh-Signaka,Melfi,2755,11.06,17.93,cereals and tubers,Rice (imported),64,KG,actual,Retail,XAF,808.36,1.34
TCD,2025-03-15,Guera,Barh-Signaka,Melfi,2755,11.06,17.93,cereals and tubers,Wheat flour,58,KG,actual,Retail,XAF,840.91,1.4
TCD,2025-03-15,Guera,Guera,Mongo,231,12.18,18.69,cereals and tubers,Maize (white),67,KG,actual,Retail,XAF,400,0.66
TCD,2025-03-15,Guera,Guera,Mongo,231,12.18,18.69,cereals and tubers,Rice (imported),64,KG,actual,Retail,XAF,755.27,1.26
TCD,2025-03-15,Guera,Guera,Mongo,231,12.18,18.69,cereals and tubers,Wheat flour,58,KG,actual,Retail,XAF,818.18,1.36
TCD,2025-03-15,Guera,Mangalma,Mangalme,2715,12.36,19.61,cereals and tubers,Maize (white),67,KG,actual,Retail,XAF,400,0.66
TCD,2025-03-15,Guera,Mangalma,Mangalme,2715,12.36,19.61,cereals and tubers,Wheat flour,58,KG,actual,Retail,XAF,897.73,1.49
TCD,2025-03-15,Hadjer Lamis,Dababa,Bokoro,2296,12.38,17.06,cereals and tubers,Maize (white),67,KG,actual,Retail,XAF,280,0.47
TCD,2025-03-15,Hadjer Lamis,Dababa,Bokoro,2296,12.38,17.06,cereals and tubers,Rice (imported),64,KG,actual,Retail,XAF,588.32,0.98
TCD,2025-03-15,Hadjer Lamis,Dababa,Bokoro,2296,12.38,17.06,cereals and tubers,Wheat flour,58,KG,actual,Retail,XAF,840.91,1.4
TCD,2025-03-15,Hadjer Lamis,Dagana,Massakory,2295,13,15.73,cereals and tubers,Maize (white),67,KG,actual,Retail,XAF,300,0.5
TCD,2025-03-15,Hadjer Lamis,Dagana,Massakory,2295,13,15.73,cereals and tubers,Rice (imported),64,KG,actual,Retail,XAF,639.2,1.06
TCD,2025-03-15,Hadjer Lamis,Dagana,Massakory,2295,13,15.73,cereals and tubers,Wheat flour,58,KG,actual,Retail,XAF,818.18,1.36
TCD,2025-03-15,Hadjer Lamis,Haraze-Al-Biar,Massaguet,2716,12.48,15.44,cereals and tubers,Maize (white),67,KG,actual,Retail,XAF,320,0.53
TCD,2025-03-15,Hadjer Lamis,Haraze-Al-Biar,Massaguet,2716,12.48,15.44,cereals and tubers,Rice (imported),64,KG,actual,Retail,XAF,589.86,0.98
TCD,2025-03-15,Hadjer Lamis,Haraze-Al-Biar,Massaguet,2716,12.48,15.44,cereals and tubers,Wheat flour,58,KG,actual,Retail,XAF,830.45,1.38
TCD,2025-03-15,Kanem,Kanem,Mao,230,14.12,15.31,cereals and tubers,Maize (white),67,KG,actual,Retail,XAF,420,0.7
TCD,2025-03-15,Kanem,Kanem,Mao,230,14.12,15.31,cereals and tubers,Rice (imported),64,KG,actual,Retail,XAF,619.08,1.03
TCD,2025-03-15,Kanem,Kanem,Mao,230,14.12,15.31,cereals and tubers,Wheat flour,58,KG,actual,Retail,XAF,840.91,1.4
TCD,2025-03-15,Lac,Kaya,Bagassola,4514,13.55,14.3,cereals and tubers,Maize (white),67,KG,actual,Retail,XAF,423.81,0.7
TCD,2025-03-15,Lac,Kaya,Bagassola,4514,13.55,14.3,cereals and tubers,Wheat flour,58,KG,actual,Retail,XAF,818.18,1.36
TCD,2025-03-15,Lac,Mamdi,Bol,229,13.5,14.68,cereals and tubers,Maize (white),67,KG,actual,Retail,XAF,360,0.6
TCD,2025-03-15,Lac,Mamdi,Bol,229,13.5,14.68,cereals and tubers,Wheat flour,58,KG,actual,Retail,XAF,950.04,1.58
TCD,2025-03-15,Lac,Wayi,Ngouri,2297,13.64,15.37,cereals and tubers,Maize (white),67,KG,actual,Retail,XAF,423.81,0.7
TCD,2025-03-15,Lac,Wayi,Ngouri,2297,13.64,15.37,cereals and tubers,Rice (imported),64,KG,actual,Retail,XAF,659.54,1.1
TCD,2025-03-15,Lac,Wayi,Ngouri,2297,13.64,15.37,cereals and tubers,Wheat flour,58,KG,actual,Retail,XAF,795.45,1.32
TCD,2025-03-15,Logone Occidental,Dodje,Mbaïnamar,2298,8.67,15.38,cereals and tubers,Maize (white),67,KG,actual,Retail,XAF,200,0.33
TCD,2025-03-15,Logone Occidental,Dodje,Mbaïnamar,2298,8.67,15.38,cereals and tubers,Rice (imported),64,KG,actual,Retail,XAF,564,0.94
TCD,2025-03-15,Logone Occidental,Dodje,Mbaïnamar,2298,8.67,15.38,cereals and tubers,Wheat flour,58,KG,actual,Retail,XAF,939.6,1.56
TCD,2025-03-15,Logone Occidental,Gueni,Krim Krim,2714,8.97,15.8,cereals and tubers,Maize (white),67,KG,actual,Retail,XAF,211.2,0.35
TCD,2025-03-15,Logone Occidental,Gueni,Krim Krim,2714,8.97,15.8,cereals and tubers,Rice (imported),64,KG,actual,Retail,XAF,526.18,0.87
TCD,2025-03-15,Logone Occidental,Gueni,Krim Krim,2714,8.97,15.8,cereals and tubers,Wheat flour,58,KG,actual,Retail,XAF,903.06,1.5
TCD,2025-03-15,Logone Occidental,Lac Wey,Moundou,232,8.57,16.08,cereals and tubers,Maize (white),67,KG,actual,Retail,XAF,214.8,0.36
TCD,2025-03-15,Logone Occidental,Lac Wey,Moundou,232,8.57,16.08,cereals and tubers,Rice (imported),64,KG,actual,Retail,XAF,542.05,0.9
TCD,2025-03-15,Logone Occidental,Lac Wey,Moundou,232,8.57,16.08,cereals and tubers,Wheat flour,58,KG,actual,Retail,XAF,798.66,1.33
TCD,2025-03-15,Logone Occidental,Ngourkoussou,Benoye,2292,8.99,16.32,cereals and tubers,Maize (white),67,KG,actual,Retail,XAF,280,0.47
TCD,2025-03-15,Logone Occidental,Ngourkoussou,Benoye,2292,8.99,16.32,cereals and tubers,Rice (imported),64,KG,actual,Retail,XAF,544.9,0.91
TCD,2025-03-15,Logone Occidental,Ngourkoussou,Benoye,2292,8.99,16.32,cereals and tubers,Wheat flour,58,KG,actual,Retail,XAF,850.86,1.41
TCD,2025-03-15,Logone Oriental,Kouh-Est,Bodo,2710,8.29,17.14,cereals and tubers,Maize (white),67,KG,actual,Retail,XAF,211.2,0.35
TCD,2025-03-15,Logone Oriental,Kouh-Est,Bodo,2710,8.29,17.14,cereals and tubers,Wheat flour,58,KG,actual,Retail,XAF,818.18,1.36
TCD,2025-03-15,Logone Oriental,La Nya,Bebedja,2708,8.67,16.57,cereals and tubers,Maize (white),67,KG,actual,Retail,XAF,184.8,0.31
TCD,2025-03-15,Logone Oriental,La Nya,Bebedja,2708,8.67,16.57,cereals and tubers,Rice (imported),64,KG,actual,Retail,XAF,480.73,0.8
TCD,2025-03-15,Logone Oriental,La Nya,Bebedja,2708,8.67,16.57,cereals and tubers,Wheat flour,58,KG,actual,Retail,XAF,817.27,1.36
TCD,2025-03-15,Logone Oriental,La Nya Pendm,Gore,236,7.92,16.63,cereals and tubers,Maize (white),67,KG,actual,Retail,XAF,237.6,0.39
TCD,2025-03-15,Logone Oriental,La Nya Pendm,Gore,236,7.92,16.63,cereals and tubers,Rice (imported),64,KG,actual,Retail,XAF,527.64,0.88
TCD,2025-03-15,Logone Oriental,La Nya Pendm,Gore,236,7.92,16.63,cereals and tubers,Wheat flour,58,KG,actual,Retail,XAF,835.2,1.39
TCD,2025-03-15,Logone Oriental,La Pend,Doba,2293,8.67,16.86,cereals and tubers,Maize (white),67,KG,actual,Retail,XAF,224.4,0.37
TCD,2025-03-15,Logone Oriental,La Pend,Doba,2293,8.67,16.86,cereals and tubers,Rice (imported),64,KG,actual,Retail,XAF,494.18,0.82
TCD,2025-03-15,Logone Oriental,La Pend,Doba,2293,8.67,16.86,cereals and tubers,Wheat flour,58,KG,actual,Retail,XAF,783,1.3
TCD,2025-03-15,Logone Oriental,Monts de Lam,Mbaïbokoum,2303,7.74,15.69,cereals and tubers,Rice (imported),64,KG,actual,Retail,XAF,527.64,0.88
TCD,2025-03-15,Logone Oriental,Monts de Lam,Mbaïbokoum,2303,7.74,15.69,cereals and tubers,Wheat flour,58,KG,actual,Retail,XAF,909.09,1.51
TCD,2025-03-15,Mandoul,Barh-Sara,Moissala,2283,8.34,17.76,cereals and tubers,Maize (white),67,KG,actual,Retail,XAF,250.8,0.42
TCD,2025-03-15,Mandoul,Barh-Sara,Moissala,2283,8.34,17.76,cereals and tubers,Rice (imported),64,KG,actual,Retail,XAF,516.93,0.86
TCD,2025-03-15,Mandoul,Barh-Sara,Moissala,2283,8.34,17.76,cereals and tubers,Wheat flour,58,KG,actual,Retail,XAF,909.09,1.51
TCD,2025-03-15,Mandoul,Mandoul Occidental,Bedjondo,4509,8.61,17.19,cereals and tubers,Maize (white),67,KG,actual,Retail,XAF,268.61,0.45
TCD,2025-03-15,Mandoul,Mandoul Occidental,Bedjondo,4509,8.61,17.19,cereals and tubers,Rice (imported),64,KG,actual,Retail,XAF,553.25,0.92
TCD,2025-03-15,Mandoul,Mandoul Occidental,Bedjondo,4509,8.61,17.19,cereals and tubers,Wheat flour,58,KG,actual,Retail,XAF,863.64,1.44
TCD,2025-03-15,Mandoul,Mandoul Occidental,Peni,2284,8.8,17.3,cereals and tubers,Maize (white),67,KG,actual,Retail,XAF,263.34,0.44
TCD,2025-03-15,Mandoul,Mandoul Occidental,Peni,2284,8.8,17.3,cereals and tubers,Rice (imported),64,KG,actual,Retail,XAF,542.51,0.9
TCD,2025-03-15,Mandoul,Mandoul Occidental,Peni,2284,8.8,17.3,cereals and tubers,Wheat flour,58,KG,actual,Retail,XAF,839.55,1.4
TCD,2025-03-15,Mandoul,Mandoul Oriental,Koumra,2282,8.92,17.55,cereals and tubers,Maize (white),67,KG,actual,Retail,XAF,290.4,0.48
TCD,2025-03-15,Mandoul,Mandoul Oriental,Koumra,2282,8.92,17.55,cereals and tubers,Rice (imported),64,KG,actual,Retail,XAF,488,0.81
TCD,2025-03-15,Mayo Kebbi Est,Kabia,Pont Karol,4473,9.59,15.49,cereals and tubers,Rice (imported),64,KG,actual,Retail,XAF,540.73,0.9
TCD,2025-03-15,Mayo Kebbi Est,Kabia,Pont Karol,4473,9.59,15.49,cereals and tubers,Wheat flour,58,KG,actual,Retail,XAF,885.45,1.47
TCD,2025-03-15,Mayo Kebbi Est,Mayo Boneye,Bongor,1964,10.28,15.39,cereals and tubers,Maize (white),67,KG,actual,Retail,XAF,290,0.48
TCD,2025-03-15,Mayo Kebbi Est,Mayo Boneye,Bongor,1964,10.28,15.39,cereals and tubers,Rice (imported),64,KG,actual,Retail,XAF,531.27,0.88
TCD,2025-03-15,Mayo Kebbi Est,Mont Illi,Fianga,2711,9.92,15.12,cereals and tubers,Maize (white),67,KG,actual,Retail,XAF,290,0.48
TCD,2025-03-15,Mayo Kebbi Est,Mont Illi,Fianga,2711,9.92,15.12,cereals and tubers,Wheat flour,58,KG,actual,Retail,XAF,899.09,1.49
TCD,2025-03-15,Mayo Kebbi Ouest,Lac-LBrn,Lere,2721,9.66,14.22,cereals and tubers,Maize (white),67,KG,actual,Retail,XAF,250.4,0.42
TCD,2025-03-15,Mayo Kebbi Ouest,Lac-LBrn,Lere,2721,9.66,14.22,cereals and tubers,Rice (imported),64,KG,actual,Retail,XAF,562.18,0.93
TCD,2025-03-15,Mayo Kebbi Ouest,Lac-LBrn,Lere,2721,9.66,14.22,cereals and tubers,Wheat flour,58,KG,actual,Retail,XAF,909.09,1.51
TCD,2025-03-15,Mayo Kebbi Ouest,Mayo Binder,Binder,8408,9.96,14.47,cereals and tubers,Maize (white),67,KG,actual,Retail,XAF,256.8,0.43
TCD,2025-03-15,Mayo Kebbi Ouest,Mayo Binder,Binder,8408,9.96,14.47,cereals and tubers,Rice (imported),64,KG,actual,Retail,XAF,574.55,0.95
TCD,2025-03-15,Mayo Kebbi Ouest,Mayo Binder,Binder,8408,9.96,14.47,cereals and tubers,Wheat flour,58,KG,actual,Retail,XAF,844.09,1.4
TCD,2025-03-15,Mayo Kebbi Ouest,Mayo-Dallah,Pala,2288,9.37,14.91,cereals and tubers,Rice (imported),64,KG,actual,Retail,XAF,567.38,0.94
TCD,2025-03-15,Mayo Kebbi Ouest,Mayo-Dallah,Pala,2288,9.37,14.91,cereals and tubers,Wheat flour,58,KG,actual,Retail,XAF,863.64,1.44
TCD,2025-03-15,Moyen Chari,Barh-K h,Sarh,235,9.14,18.39,cereals and tubers,Maize (white),67,KG,actual,Retail,XAF,337.92,0.56
TCD,2025-03-15,Moyen Chari,Barh-K h,Sarh,235,9.14,18.39,cereals and tubers,Rice (imported),64,KG,actual,Retail,XAF,514.18,0.85
TCD,2025-03-15,Moyen Chari,Barh-K h,Sarh,235,9.14,18.39,cereals and tubers,Wheat flour,58,KG,actual,Retail,XAF,650,1.08
TCD,2025-03-15,Moyen Chari,Grande Sido,Danamadji,5618,8.75,18.55,cereals and tubers,Maize (white),67,KG,actual,Retail,XAF,335.28,0.56
TCD,2025-03-15,Moyen Chari,Grande Sido,Danamadji,5618,8.75,18.55,cereals and tubers,Rice (imported),64,KG,actual,Retail,XAF,512.34,0.85
TCD,2025-03-15,Moyen Chari,Grande Sido,Danamadji,5618,8.75,18.55,cereals and tubers,Wheat flour,58,KG,actual,Retail,XAF,694.59,1.15
TCD,2025-03-15,Moyen Chari,Grande Sido,Maro,2285,8.42,18.77,cereals and tubers,Maize (white),67,KG,actual,Retail,XAF,301.75,0.5
TCD,2025-03-15,Moyen Chari,Grande Sido,Maro,2285,8.42,18.77,cereals and tubers,Rice (imported),64,KG,actual,Retail,XAF,534.55,0.89
TCD,2025-03-15,Moyen Chari,Grande Sido,Sido,4471,8.25,18.71,cereals and tubers,Maize (white),67,KG,actual,Retail,XAF,308.46,0.51
TCD,2025-03-15,Moyen Chari,Grande Sido,Sido,4471,8.25,18.71,cereals and tubers,Rice (imported),64,KG,actual,Retail,XAF,544.36,0.9
TCD,2025-03-15,Moyen Chari,Grande Sido,Sido,4471,8.25,18.71,cereals and tubers,Wheat flour,58,KG,actual,Retail,XAF,639.02,1.06
TCD,2025-03-15,Moyen Chari,Lac Iro,Kyabe,2281,9.45,18.94,cereals and tubers,Maize (white),67,KG,actual,Retail,XAF,293.04,0.49
TCD,2025-03-15,Moyen Chari,Lac Iro,Kyabe,2281,9.45,18.94,cereals and tubers,Rice (imported),64,KG,actual,Retail,XAF,536.36,0.89
TCD,2025-03-15,Ndjaména,Ndjamena,Dembe,11368,12.1,15.08,cereals and tubers,Maize (white),67,KG,actual,Retail,XAF,373.56,0.62
TCD,2025-03-15,Ndjaména,Ndjamena,Dembe,11368,12.1,15.08,cereals and tubers,Rice (imported),64,KG,actual,Retail,XAF,600,1
TCD,2025-03-15,Ndjaména,Ndjamena,Dembe,11368,12.1,15.08,cereals and tubers,Wheat flour,58,KG,actual,Retail,XAF,704.55,1.17
TCD,2025-03-15,Ndjaména,Ndjamena,N'djamena (Atrone),4515,12.09,15.13,cereals and tubers,Maize (white),67,KG,actual,Retail,XAF,364.22,0.61
TCD,2025-03-15,Ndjaména,Ndjamena,N'djamena (Atrone),4515,12.09,15.13,cereals and tubers,Wheat flour,58,KG,actual,Retail,XAF,727.27,1.21
TCD,2025-03-15,Ndjaména,Ndjamena,Ndjamena (Marche A Mil),4480,12.11,15.06,cereals and tubers,Maize (white),67,KG,actual,Retail,XAF,373.56,0.62
TCD,2025-03-15,Ndjaména,Ndjamena,Ndjamena (Marche A Mil),4480,12.11,15.06,cereals and tubers,Rice (imported),64,KG,actual,Retail,XAF,570.1,0.95
TCD,2025-03-15,Ndjaména,Ndjamena,Ndjamena (Marche A Mil),4480,12.11,15.06,cereals and tubers,Wheat flour,58,KG,actual,Retail,XAF,715.91,1.19
TCD,2025-03-15,Ouaddai,Assongha,Adre,4519,13.46,22.19,cereals and tubers,Rice (imported),64,KG,actual,Retail,XAF,1000,1.66
TCD,2025-03-15,Ouaddai,Assongha,Adre,4519,13.46,22.19,cereals and tubers,Wheat flour,58,KG,actual,Retail,XAF,1080.54,1.8
TCD,2025-03-15,Ouaddai,Ouara,Abeche,228,13.82,20.82,cereals and tubers,Maize (white),67,KG,actual,Retail,XAF,360,0.6
TCD,2025-03-15,Ouaddai,Ouara,Abeche,228,13.82,20.82,cereals and tubers,Wheat flour,58,KG,actual,Retail,XAF,886.36,1.47
TCD,2025-03-15,Salamat,Aboudeia,Aboudeia,2286,11.45,19.28,cereals and tubers,Maize (white),67,KG,actual,Retail,XAF,340,0.57
TCD,2025-03-15,Salamat,Aboudeia,Aboudeia,2286,11.45,19.28,cereals and tubers,Rice (imported),64,KG,actual,Retail,XAF,768.36,1.28
TCD,2025-03-15,Salamat,Aboudeia,Aboudeia,2286,11.45,19.28,cereals and tubers,Wheat flour,58,KG,actual,Retail,XAF,863.64,1.44
TCD,2025-03-15,Salamat,Barh-Azoum,Am Timan,1962,11.04,20.28,cereals and tubers,Maize (white),67,KG,actual,Retail,XAF,320,0.53
TCD,2025-03-15,Salamat,Barh-Azoum,Am Timan,1962,11.04,20.28,cereals and tubers,Rice (imported),64,KG,actual,Retail,XAF,780.73,1.3
TCD,2025-03-15,Sila,Kimiti,Goz Beida,2290,12.23,21.41,cereals and tubers,Maize (white),67,KG,actual,Retail,XAF,380,0.63
TCD,2025-03-15,Sila,Kimiti,Goz Beida,2290,12.23,21.41,cereals and tubers,Rice (imported),64,KG,actual,Retail,XAF,923.64,1.54
TCD,2025-03-15,Sila,Kimiti,Goz Beida,2290,12.23,21.41,cereals and tubers,Wheat flour,58,KG,actual,Retail,XAF,939.6,1.56
TCD,2025-03-15,Tandjile,Tandjile-Centre,Bere,4508,9.31,16.15,cereals and tubers,Maize (white),67,KG,actual,Retail,XAF,299.2,0.5
TCD,2025-03-15,Tandjile,Tandjile-Centre,Bere,4508,9.31,16.15,cereals and tubers,Rice (imported),64,KG,actual,Retail,XAF,561.82,0.93
TCD,2025-03-15,Tandjile,Tandjile-Centre,Bere,4508,9.31,16.15,cereals and tubers,Wheat flour,58,KG,actual,Retail,XAF,942.21,1.57
TCD,2025-03-15,Tandjile,Tandjile-Est,Laï,2289,9.4,16.31,cereals and tubers,Rice (imported),64,KG,actual,Retail,XAF,549.82,0.91
TCD,2025-03-15,Tandjile,Tandjile-Est,Laï,2289,9.4,16.31,cereals and tubers,Wheat flour,58,KG,actual,Retail,XAF,894.09,1.49
TCD,2025-03-15,Tandjile,Tandjile-Ouest,Kélo,1963,9.31,15.8,cereals and tubers,Maize (white),67,KG,actual,Retail,XAF,198,0.33
TCD,2025-03-15,Tandjile,Tandjile-Ouest,Kélo,1963,9.31,15.8,cereals and tubers,Rice (imported),64,KG,actual,Retail,XAF,560.36,0.93
TCD,2025-03-15,Wadi Fira,Biltine,Biltine,2294,14.54,20.91,cereals and tubers,Wheat flour,58,KG,actual,Retail,XAF,909.09,1.51
TCD,2025-03-15,Wadi Fira,Dar-Tama,Guereda,2713,14.52,22.09,cereals and tubers,Wheat flour,58,KG,actual,Retail,XAF,750,1.25
TCD,2025-03-15,Wadi Fira,Iriba,Iriba,2300,15.13,22.25,cereals and tubers,Rice (imported),64,KG,actual,Retail,XAF,1018.18,1.69
TCD,2025-03-15,Wadi Fira,Iriba,Iriba,2300,15.13,22.25,cereals and tubers,Wheat flour,58,KG,actual,Retail,XAF,795.45,1.32
TCD,2025-04-15,Barh El Gazal,Barh El Gazel Sud,Moussoro,233,13.64,16.49,cereals and tubers,Rice (imported),64,KG,actual,Retail,XAF,667.99,1.15
TCD,2025-04-15,Barh El Gazal,Barh El Gazel Sud,Moussoro,233,13.64,16.49,cereals and tubers,Wheat flour,58,KG,actual,Retail,XAF,863.64,1.49
TCD,2025-04-15,Batha,Batha-Est,Oumhadjer,5623,13.23,19.24,cereals and tubers,Maize (white),67,KG,actual,Retail,XAF,386.4,0.66
TCD,2025-04-15,Batha,Batha-Est,Oumhadjer,5623,13.23,19.24,cereals and tubers,Rice (imported),64,KG,actual,Retail,XAF,646.02,1.11
TCD,2025-04-15,Batha,Batha-Est,Oumhadjer,5623,13.23,19.24,cereals and tubers,Wheat flour,58,KG,actual,Retail,XAF,840.91,1.45
TCD,2025-04-15,Batha,Batha-Ouest,Ati,2279,13.21,18.33,cereals and tubers,Maize (white),67,KG,actual,Retail,XAF,282.5,0.49
TCD,2025-04-15,Batha,Batha-Ouest,Ati,2279,13.21,18.33,cereals and tubers,Rice (imported),64,KG,actual,Retail,XAF,654.94,1.13
TCD,2025-04-15,Batha,Fitri,Yao,2722,12.85,17.56,cereals and tubers,Maize (white),67,KG,actual,Retail,XAF,268,0.46
TCD,2025-04-15,Batha,Fitri,Yao,2722,12.85,17.56,cereals and tubers,Rice (imported),64,KG,actual,Retail,XAF,667.31,1.15
TCD,2025-04-15,Batha,Fitri,Yao,2722,12.85,17.56,cereals and tubers,Wheat flour,58,KG,actual,Retail,XAF,863.64,1.49
TCD,2025-04-15,Borkou,Borkou,Faya,4498,17.92,19.11,cereals and tubers,Rice (imported),64,KG,actual,Retail,XAF,1063.73,1.83
TCD,2025-04-15,Borkou,Borkou,Faya,4498,17.92,19.11,cereals and tubers,Wheat flour,58,KG,actual,Retail,XAF,873.44,1.5
TCD,2025-04-15,Chari Baguirmi,Baguirmi,Dourbali,4500,11.79,15.86,cereals and tubers,Maize (white),67,KG,actual,Retail,XAF,293.1,0.5
TCD,2025-04-15,Chari Baguirmi,Baguirmi,Dourbali,4500,11.79,15.86,cereals and tubers,Wheat flour,58,KG,actual,Retail,XAF,790.23,1.36
TCD,2025-04-15,Chari Baguirmi,Baguirmi,Massenya,2717,11.4,16.17,cereals and tubers,Maize (white),67,KG,actual,Retail,XAF,281.95,0.49
TCD,2025-04-15,Chari Baguirmi,Baguirmi,Massenya,2717,11.4,16.17,cereals and tubers,Rice (imported),64,KG,actual,Retail,XAF,520.96,0.9
TCD,2025-04-15,Chari Baguirmi,Baguirmi,Massenya,2717,11.4,16.17,cereals and tubers,Wheat flour,58,KG,actual,Retail,XAF,833.18,1.43
TCD,2025-04-15,Chari Baguirmi,Chari,Mandelia,2299,11.73,15.24,cereals and tubers,Maize (white),67,KG,actual,Retail,XAF,275.86,0.47
TCD,2025-04-15,Chari Baguirmi,Chari,Mandelia,2299,11.73,15.24,cereals and tubers,Rice (imported),64,KG,actual,Retail,XAF,522.75,0.9
TCD,2025-04-15,Chari Baguirmi,Chari,Mandelia,2299,11.73,15.24,cereals and tubers,Wheat flour,58,KG,actual,Retail,XAF,750.38,1.29
TCD,2025-04-15,Chari Baguirmi,Loug-Chari,Bousso,2287,10.48,16.71,cereals and tubers,Maize (white),67,KG,actual,Retail,XAF,270.39,0.47
TCD,2025-04-15,Chari Baguirmi,Loug-Chari,Bousso,2287,10.48,16.71,cereals and tubers,Rice (imported),64,KG,actual,Retail,XAF,649.4,1.12
TCD,2025-04-15,Chari Baguirmi,Loug-Chari,Bousso,2287,10.48,16.71,cereals and tubers,Wheat flour,58,KG,actual,Retail,XAF,867.5,1.49
TCD,2025-04-15,Ennedi Est,Amdjarass,Amdjarass,4517,16.17,22.83,cereals and tubers,Rice (imported),64,KG,actual,Retail,XAF,969.57,1.67
TCD,2025-04-15,Ennedi Est,Amdjarass,Amdjarass,4517,16.17,22.83,cereals and tubers,Wheat flour,58,KG,actual,Retail,XAF,1102.27,1.9
TCD,2025-04-15,Ennedi Ouest,Fada,Fada,6104,17.18,21.58,cereals and tubers,Rice (imported),64,KG,actual,Retail,XAF,1106.91,1.9
TCD,2025-04-15,Ennedi Ouest,Fada,Fada,6104,17.18,21.58,cereals and tubers,Wheat flour,58,KG,actual,Retail,XAF,1113.64,1.92
TCD,2025-04-15,Guera,Abtouyour,Bitkine,2719,11.98,18.21,cereals and tubers,Maize (white),67,KG,actual,Retail,XAF,384,0.66
TCD,2025-04-15,Guera,Abtouyour,Bitkine,2719,11.98,18.21,cereals and tubers,Rice (imported),64,KG,actual,Retail,XAF,661.23,1.14
TCD,2025-04-15,Guera,Abtouyour,Bitkine,2719,11.98,18.21,cereals and tubers,Wheat flour,58,KG,actual,Retail,XAF,866.76,1.49
TCD,2025-04-15,Guera,Barh-Signaka,Melfi,2755,11.06,17.93,cereals and tubers,Maize (white),67,KG,actual,Retail,XAF,357.5,0.61
TCD,2025-04-15,Guera,Barh-Signaka,Melfi,2755,11.06,17.93,cereals and tubers,Rice (imported),64,KG,actual,Retail,XAF,601.91,1.04
TCD,2025-04-15,Guera,Barh-Signaka,Melfi,2755,11.06,17.93,cereals and tubers,Wheat flour,58,KG,actual,Retail,XAF,844.77,1.45
TCD,2025-04-15,Guera,Guera,Mongo,231,12.18,18.69,cereals and tubers,Maize (white),67,KG,actual,Retail,XAF,405,0.7
TCD,2025-04-15,Guera,Guera,Mongo,231,12.18,18.69,cereals and tubers,Rice (imported),64,KG,actual,Retail,XAF,630.81,1.09
TCD,2025-04-15,Guera,Guera,Mongo,231,12.18,18.69,cereals and tubers,Wheat flour,58,KG,actual,Retail,XAF,806.82,1.39
TCD,2025-04-15,Guera,Mangalma,Mangalme,2715,12.36,19.61,cereals and tubers,Maize (white),67,KG,actual,Retail,XAF,419,0.72
TCD,2025-04-15,Guera,Mangalma,Mangalme,2715,12.36,19.61,cereals and tubers,Rice (imported),64,KG,actual,Retail,XAF,789.09,1.36
TCD,2025-04-15,Guera,Mangalma,Mangalme,2715,12.36,19.61,cereals and tubers,Wheat flour,58,KG,actual,Retail,XAF,892.05,1.53
TCD,2025-04-15,Hadjer Lamis,Dababa,Bokoro,2296,12.38,17.06,cereals and tubers,Maize (white),67,KG,actual,Retail,XAF,393.5,0.68
TCD,2025-04-15,Hadjer Lamis,Dababa,Bokoro,2296,12.38,17.06,cereals and tubers,Rice (imported),64,KG,actual,Retail,XAF,637.57,1.1
TCD,2025-04-15,Hadjer Lamis,Dababa,Bokoro,2296,12.38,17.06,cereals and tubers,Wheat flour,58,KG,actual,Retail,XAF,829.55,1.43
TCD,2025-04-15,Hadjer Lamis,Dagana,Massakory,2295,13,15.73,cereals and tubers,Maize (white),67,KG,actual,Retail,XAF,362,0.62
TCD,2025-04-15,Hadjer Lamis,Dagana,Massakory,2295,13,15.73,cereals and tubers,Rice (imported),64,KG,actual,Retail,XAF,578.42,1
TCD,2025-04-15,Hadjer Lamis,Dagana,Massakory,2295,13,15.73,cereals and tubers,Wheat flour,58,KG,actual,Retail,XAF,829.55,1.43
TCD,2025-04-15,Hadjer Lamis,Haraze-Al-Biar,Massaguet,2716,12.48,15.44,cereals and tubers,Maize (white),67,KG,actual,Retail,XAF,392,0.67
TCD,2025-04-15,Hadjer Lamis,Haraze-Al-Biar,Massaguet,2716,12.48,15.44,cereals and tubers,Wheat flour,58,KG,actual,Retail,XAF,824.32,1.42
TCD,2025-04-15,Kanem,Kanem,Mao,230,14.12,15.31,cereals and tubers,Maize (white),67,KG,actual,Retail,XAF,476,0.82
TCD,2025-04-15,Kanem,Kanem,Mao,230,14.12,15.31,cereals and tubers,Rice (imported),64,KG,actual,Retail,XAF,684.3,1.18
TCD,2025-04-15,Kanem,Kanem,Mao,230,14.12,15.31,cereals and tubers,Wheat flour,58,KG,actual,Retail,XAF,852.27,1.47
TCD,2025-04-15,Lac,Kaya,Bagassola,4514,13.55,14.3,cereals and tubers,Maize (white),67,KG,actual,Retail,XAF,417.5,0.72
TCD,2025-04-15,Lac,Kaya,Bagassola,4514,13.55,14.3,cereals and tubers,Rice (imported),64,KG,actual,Retail,XAF,684.92,1.18
TCD,2025-04-15,Lac,Kaya,Bagassola,4514,13.55,14.3,cereals and tubers,Wheat flour,58,KG,actual,Retail,XAF,806.82,1.39
TCD,2025-04-15,Lac,Mamdi,Bol,229,13.5,14.68,cereals and tubers,Maize (white),67,KG,actual,Retail,XAF,393.5,0.68
TCD,2025-04-15,Lac,Mamdi,Bol,229,13.5,14.68,cereals and tubers,Wheat flour,58,KG,actual,Retail,XAF,872.75,1.5
TCD,2025-04-15,Lac,Wayi,Ngouri,2297,13.64,15.37,cereals and tubers,Maize (white),67,KG,actual,Retail,XAF,425,0.73
TCD,2025-04-15,Lac,Wayi,Ngouri,2297,13.64,15.37,cereals and tubers,Rice (imported),64,KG,actual,Retail,XAF,633.63,1.09
TCD,2025-04-15,Lac,Wayi,Ngouri,2297,13.64,15.37,cereals and tubers,Wheat flour,58,KG,actual,Retail,XAF,778.41,1.34
TCD,2025-04-15,Logone Occidental,Dodje,Mbaïnamar,2298,8.67,15.38,cereals and tubers,Maize (white),67,KG,actual,Retail,XAF,230.73,0.4
TCD,2025-04-15,Logone Occidental,Dodje,Mbaïnamar,2298,8.67,15.38,cereals and tubers,Rice (imported),64,KG,actual,Retail,XAF,646.02,1.11
TCD,2025-04-15,Logone Occidental,Dodje,Mbaïnamar,2298,8.67,15.38,cereals and tubers,Wheat flour,58,KG,actual,Retail,XAF,900.45,1.55
TCD,2025-04-15,Logone Occidental,Gueni,Krim Krim,2714,8.97,15.8,cereals and tubers,Maize (white),67,KG,actual,Retail,XAF,223.43,0.38
TCD,2025-04-15,Logone Occidental,Gueni,Krim Krim,2714,8.97,15.8,cereals and tubers,Rice (imported),64,KG,actual,Retail,XAF,634.19,1.09
TCD,2025-04-15,Logone Occidental,Gueni,Krim Krim,2714,8.97,15.8,cereals and tubers,Wheat flour,58,KG,actual,Retail,XAF,862.44,1.48
TCD,2025-04-15,Logone Occidental,Lac Wey,Moundou,232,8.57,16.08,cereals and tubers,Rice (imported),64,KG,actual,Retail,XAF,600.39,1.03
TCD,2025-04-15,Logone Occidental,Lac Wey,Moundou,232,8.57,16.08,cereals and tubers,Wheat flour,58,KG,actual,Retail,XAF,816.93,1.41
TCD,2025-04-15,Logone Occidental,Ngourkoussou,Benoye,2292,8.99,16.32,cereals and tubers,Maize (white),67,KG,actual,Retail,XAF,259.68,0.45
TCD,2025-04-15,Logone Occidental,Ngourkoussou,Benoye,2292,8.99,16.32,cereals and tubers,Rice (imported),64,KG,actual,Retail,XAF,617.29,1.06
TCD,2025-04-15,Logone Occidental,Ngourkoussou,Benoye,2292,8.99,16.32,cereals and tubers,Wheat flour,58,KG,actual,Retail,XAF,861.3,1.48
TCD,2025-04-15,Logone Oriental,Kouh-Est,Bodo,2710,8.29,17.14,cereals and tubers,Maize (white),67,KG,actual,Retail,XAF,276.08,0.47
TCD,2025-04-15,Logone Oriental,Kouh-Est,Bodo,2710,8.29,17.14,cereals and tubers,Rice (imported),64,KG,actual,Retail,XAF,578.42,1
TCD,2025-04-15,Logone Oriental,Kouh-Est,Bodo,2710,8.29,17.14,cereals and tubers,Wheat flour,58,KG,actual,Retail,XAF,816.59,1.4
TCD,2025-04-15,Logone Oriental,La Nya,Bebedja,2708,8.67,16.57,cereals and tubers,Rice (imported),64,KG,actual,Retail,XAF,532.79,0.92
TCD,2025-04-15,Logone Oriental,La Nya,Bebedja,2708,8.67,16.57,cereals and tubers,Wheat flour,58,KG,actual,Retail,XAF,801.59,1.38
TCD,2025-04-15,Logone Oriental,La Nya Pendm,Gore,236,7.92,16.63,cereals and tubers,Maize (white),67,KG,actual,Retail,XAF,283.25,0.49
TCD,2025-04-15,Logone Oriental,La Nya Pendm,Gore,236,7.92,16.63,cereals and tubers,Rice (imported),64,KG,actual,Retail,XAF,612.22,1.05
TCD,2025-04-15,Logone Oriental,La Nya Pendm,Gore,236,7.92,16.63,cereals and tubers,Wheat flour,58,KG,actual,Retail,XAF,835.2,1.44
TCD,2025-04-15,Logone Oriental,La Pend,Doba,2293,8.67,16.86,cereals and tubers,Maize (white),67,KG,actual,Retail,XAF,302.35,0.52
TCD,2025-04-15,Logone Oriental,La Pend,Doba,2293,8.67,16.86,cereals and tubers,Rice (imported),64,KG,actual,Retail,XAF,595.32,1.02
TCD,2025-04-15,Logone Oriental,La Pend,Doba,2293,8.67,16.86,cereals and tubers,Wheat flour,58,KG,actual,Retail,XAF,797.18,1.37
TCD,2025-04-15,Logone Oriental,Monts de Lam,Mbaïbokoum,2303,7.74,15.69,cereals and tubers,Rice (imported),64,KG,actual,Retail,XAF,657.85,1.13
TCD,2025-04-15,Logone Oriental,Monts de Lam,Mbaïbokoum,2303,7.74,15.69,cereals and tubers,Wheat flour,58,KG,actual,Retail,XAF,890.42,1.53
TCD,2025-04-15,Mandoul,Barh-Sara,Moissala,2283,8.34,17.76,cereals and tubers,Maize (white),67,KG,actual,Retail,XAF,258.72,0.45
TCD,2025-04-15,Mandoul,Barh-Sara,Moissala,2283,8.34,17.76,cereals and tubers,Rice (imported),64,KG,actual,Retail,XAF,544.62,0.94
TCD,2025-04-15,Mandoul,Barh-Sara,Moissala,2283,8.34,17.76,cereals and tubers,Wheat flour,58,KG,actual,Retail,XAF,886.36,1.52
TCD,2025-04-15,Mandoul,Mandoul Occidental,Bedjondo,4509,8.61,17.19,cereals and tubers,Maize (white),67,KG,actual,Retail,XAF,277.09,0.48
TCD,2025-04-15,Mandoul,Mandoul Occidental,Bedjondo,4509,8.61,17.19,cereals and tubers,Rice (imported),64,KG,actual,Retail,XAF,559.02,0.96
TCD,2025-04-15,Mandoul,Mandoul Occidental,Bedjondo,4509,8.61,17.19,cereals and tubers,Wheat flour,58,KG,actual,Retail,XAF,856.14,1.47
TCD,2025-04-15,Mandoul,Mandoul Occidental,Peni,2284,8.8,17.3,cereals and tubers,Maize (white),67,KG,actual,Retail,XAF,271.66,0.47
TCD,2025-04-15,Mandoul,Mandoul Occidental,Peni,2284,8.8,17.3,cereals and tubers,Rice (imported),64,KG,actual,Retail,XAF,554.76,0.95
TCD,2025-04-15,Mandoul,Mandoul Occidental,Peni,2284,8.8,17.3,cereals and tubers,Wheat flour,58,KG,actual,Retail,XAF,835.91,1.44
TCD,2025-04-15,Mandoul,Mandoul Oriental,Koumra,2282,8.92,17.55,cereals and tubers,Maize (white),67,KG,actual,Retail,XAF,286.75,0.49
TCD,2025-04-15,Mandoul,Mandoul Oriental,Koumra,2282,8.92,17.55,cereals and tubers,Rice (imported),64,KG,actual,Retail,XAF,564.9,0.97
TCD,2025-04-15,Mayo Kebbi Est,Kabia,Pont Karol,4473,9.59,15.49,cereals and tubers,Rice (imported),64,KG,actual,Retail,XAF,566.59,0.97
TCD,2025-04-15,Mayo Kebbi Est,Kabia,Pont Karol,4473,9.59,15.49,cereals and tubers,Wheat flour,58,KG,actual,Retail,XAF,875.45,1.51
TCD,2025-04-15,Mayo Kebbi Est,Mayo Boneye,Bongor,1964,10.28,15.39,cereals and tubers,Maize (white),67,KG,actual,Retail,XAF,290.49,0.5
TCD,2025-04-15,Mayo Kebbi Est,Mayo Boneye,Bongor,1964,10.28,15.39,cereals and tubers,Rice (imported),64,KG,actual,Retail,XAF,629.12,1.08
TCD,2025-04-15,Mayo Kebbi Est,Mayo Boneye,Bongor,1964,10.28,15.39,cereals and tubers,Wheat flour,58,KG,actual,Retail,XAF,934.38,1.61
TCD,2025-04-15,Mayo Kebbi Est,Mont Illi,Fianga,2711,9.92,15.12,cereals and tubers,Maize (white),67,KG,actual,Retail,XAF,302.54,0.52
TCD,2025-04-15,Mayo Kebbi Est,Mont Illi,Fianga,2711,9.92,15.12,cereals and tubers,Rice (imported),64,KG,actual,Retail,XAF,544.62,0.94
TCD,2025-04-15,Mayo Kebbi Est,Mont Illi,Fianga,2711,9.92,15.12,cereals and tubers,Wheat flour,58,KG,actual,Retail,XAF,864.54,1.49
TCD,2025-04-15,Mayo Kebbi Ouest,Lac-LBrn,Lere,2721,9.66,14.22,cereals and tubers,Maize (white),67,KG,actual,Retail,XAF,239,0.41
TCD,2025-04-15,Mayo Kebbi Ouest,Lac-LBrn,Lere,2721,9.66,14.22,cereals and tubers,Rice (imported),64,KG,actual,Retail,XAF,595.32,1.02
TCD,2025-04-15,Mayo Kebbi Ouest,Lac-LBrn,Lere,2721,9.66,14.22,cereals and tubers,Wheat flour,58,KG,actual,Retail,XAF,920.45,1.58
TCD,2025-04-15,Mayo Kebbi Ouest,Mayo Binder,Binder,8408,9.96,14.47,cereals and tubers,Maize (white),67,KG,actual,Retail,XAF,226.5,0.39
TCD,2025-04-15,Mayo Kebbi Ouest,Mayo Binder,Binder,8408,9.96,14.47,cereals and tubers,Rice (imported),64,KG,actual,Retail,XAF,600.39,1.03
TCD,2025-04-15,Mayo Kebbi Ouest,Mayo Binder,Binder,8408,9.96,14.47,cereals and tubers,Wheat flour,58,KG,actual,Retail,XAF,876.59,1.51
TCD,2025-04-15,Mayo Kebbi Ouest,Mayo-Dallah,Pala,2288,9.37,14.91,cereals and tubers,Maize (white),67,KG,actual,Retail,XAF,237,0.41
TCD,2025-04-15,Mayo Kebbi Ouest,Mayo-Dallah,Pala,2288,9.37,14.91,cereals and tubers,Rice (imported),64,KG,actual,Retail,XAF,527.72,0.91
TCD,2025-04-15,Mayo Kebbi Ouest,Mayo-Dallah,Pala,2288,9.37,14.91,cereals and tubers,Wheat flour,58,KG,actual,Retail,XAF,858.64,1.48
TCD,2025-04-15,Moyen Chari,Barh-K h,Sarh,235,9.14,18.39,cereals and tubers,Maize (white),67,KG,actual,Retail,XAF,306.06,0.53
TCD,2025-04-15,Moyen Chari,Barh-K h,Sarh,235,9.14,18.39,cereals and tubers,Rice (imported),64,KG,actual,Retail,XAF,575.04,0.99
TCD,2025-04-15,Moyen Chari,Barh-K h,Sarh,235,9.14,18.39,cereals and tubers,Wheat flour,58,KG,actual,Retail,XAF,699.66,1.2
TCD,2025-04-15,Moyen Chari,Grande Sido,Danamadji,5618,8.75,18.55,cereals and tubers,Maize (white),67,KG,actual,Retail,XAF,304.29,0.52
TCD,2025-04-15,Moyen Chari,Grande Sido,Danamadji,5618,8.75,18.55,cereals and tubers,Rice (imported),64,KG,actual,Retail,XAF,573.35,0.99
TCD,2025-04-15,Moyen Chari,Grande Sido,Danamadji,5618,8.75,18.55,cereals and tubers,Wheat flour,58,KG,actual,Retail,XAF,659.1,1.13
TCD,2025-04-15,Moyen Chari,Grande Sido,Maro,2285,8.42,18.77,cereals and tubers,Maize (white),67,KG,actual,Retail,XAF,273.86,0.47
TCD,2025-04-15,Moyen Chari,Grande Sido,Maro,2285,8.42,18.77,cereals and tubers,Rice (imported),64,KG,actual,Retail,XAF,550.2,0.95
TCD,2025-04-15,Moyen Chari,Grande Sido,Maro,2285,8.42,18.77,cereals and tubers,Wheat flour,58,KG,actual,Retail,XAF,593.19,1.02
TCD,2025-04-15,Moyen Chari,Grande Sido,Sido,4471,8.25,18.71,cereals and tubers,Maize (white),67,KG,actual,Retail,XAF,279.95,0.48
TCD,2025-04-15,Moyen Chari,Grande Sido,Sido,4471,8.25,18.71,cereals and tubers,Rice (imported),64,KG,actual,Retail,XAF,554.83,0.95
TCD,2025-04-15,Moyen Chari,Grande Sido,Sido,4471,8.25,18.71,cereals and tubers,Wheat flour,58,KG,actual,Retail,XAF,606.37,1.04
TCD,2025-04-15,Moyen Chari,Lac Iro,Kyabe,2281,9.45,18.94,cereals and tubers,Maize (white),67,KG,actual,Retail,XAF,269.81,0.46
TCD,2025-04-15,Moyen Chari,Lac Iro,Kyabe,2281,9.45,18.94,cereals and tubers,Rice (imported),64,KG,actual,Retail,XAF,544.62,0.94
TCD,2025-04-15,Ndjaména,Ndjamena,Dembe,11368,12.1,15.08,cereals and tubers,Maize (white),67,KG,actual,Retail,XAF,353.28,0.61
TCD,2025-04-15,Ndjaména,Ndjamena,Dembe,11368,12.1,15.08,cereals and tubers,Rice (imported),64,KG,actual,Retail,XAF,638.41,1.1
TCD,2025-04-15,Ndjaména,Ndjamena,Dembe,11368,12.1,15.08,cereals and tubers,Wheat flour,58,KG,actual,Retail,XAF,715.91,1.23
TCD,2025-04-15,Ndjaména,Ndjamena,N'djamena (Atrone),4515,12.09,15.13,cereals and tubers,Maize (white),67,KG,actual,Retail,XAF,352.13,0.61
TCD,2025-04-15,Ndjaména,Ndjamena,N'djamena (Atrone),4515,12.09,15.13,cereals and tubers,Rice (imported),64,KG,actual,Retail,XAF,652.25,1.12
TCD,2025-04-15,Ndjaména,Ndjamena,N'djamena (Atrone),4515,12.09,15.13,cereals and tubers,Wheat flour,58,KG,actual,Retail,XAF,732.95,1.26
TCD,2025-04-15,Ndjaména,Ndjamena,Ndjamena (Marche A Mil),4480,12.11,15.06,cereals and tubers,Maize (white),67,KG,actual,Retail,XAF,345.78,0.59
TCD,2025-04-15,Ndjaména,Ndjamena,Ndjamena (Marche A Mil),4480,12.11,15.06,cereals and tubers,Rice (imported),64,KG,actual,Retail,XAF,631.34,1.09
TCD,2025-04-15,Ndjaména,Ndjamena,Ndjamena (Marche A Mil),4480,12.11,15.06,cereals and tubers,Wheat flour,58,KG,actual,Retail,XAF,738.64,1.27
TCD,2025-04-15,Ouaddai,Assongha,Adre,4519,13.46,22.19,cereals and tubers,Rice (imported),64,KG,actual,Retail,XAF,1009.82,1.74
TCD,2025-04-15,Ouaddai,Assongha,Adre,4519,13.46,22.19,cereals and tubers,Wheat flour,58,KG,actual,Retail,XAF,1038.52,1.79
TCD,2025-04-15,Ouaddai,Ouara,Abeche,228,13.82,20.82,cereals and tubers,Maize (white),67,KG,actual,Retail,XAF,390,0.67
TCD,2025-04-15,Ouaddai,Ouara,Abeche,228,13.82,20.82,cereals and tubers,Wheat flour,58,KG,actual,Retail,XAF,876.44,1.51
TCD,2025-04-15,Salamat,Aboudeia,Aboudeia,2286,11.45,19.28,cereals and tubers,Maize (white),67,KG,actual,Retail,XAF,380,0.65
TCD,2025-04-15,Salamat,Aboudeia,Aboudeia,2286,11.45,19.28,cereals and tubers,Rice (imported),64,KG,actual,Retail,XAF,727.27,1.25
TCD,2025-04-15,Salamat,Aboudeia,Aboudeia,2286,11.45,19.28,cereals and tubers,Wheat flour,58,KG,actual,Retail,XAF,873.83,1.5
TCD,2025-04-15,Salamat,Barh-Azoum,Am Timan,1962,11.04,20.28,cereals and tubers,Maize (white),67,KG,actual,Retail,XAF,376,0.65
TCD,2025-04-15,Salamat,Barh-Azoum,Am Timan,1962,11.04,20.28,cereals and tubers,Rice (imported),64,KG,actual,Retail,XAF,770.18,1.32
TCD,2025-04-15,Sila,Kimiti,Goz Beida,2290,12.23,21.41,cereals and tubers,Rice (imported),64,KG,actual,Retail,XAF,909.09,1.56
TCD,2025-04-15,Sila,Kimiti,Goz Beida,2290,12.23,21.41,cereals and tubers,Wheat flour,58,KG,actual,Retail,XAF,903.06,1.55
TCD,2025-04-15,Tandjile,Tandjile-Centre,Bere,4508,9.31,16.15,cereals and tubers,Maize (white),67,KG,actual,Retail,XAF,258.34,0.44
TCD,2025-04-15,Tandjile,Tandjile-Centre,Bere,4508,9.31,16.15,cereals and tubers,Wheat flour,58,KG,actual,Retail,XAF,934.77,1.61
TCD,2025-04-15,Tandjile,Tandjile-Est,Laï,2289,9.4,16.31,cereals and tubers,Rice (imported),64,KG,actual,Retail,XAF,662.92,1.14
TCD,2025-04-15,Tandjile,Tandjile-Est,Laï,2289,9.4,16.31,cereals and tubers,Wheat flour,58,KG,actual,Retail,XAF,878.86,1.51
TCD,2025-04-15,Tandjile,Tandjile-Ouest,Kélo,1963,9.31,15.8,cereals and tubers,Rice (imported),64,KG,actual,Retail,XAF,595.32,1.02
TCD,2025-04-15,Tandjile,Tandjile-Ouest,Kélo,1963,9.31,15.8,cereals and tubers,Wheat flour,58,KG,actual,Retail,XAF,862.48,1.48
TCD,2025-04-15,Wadi Fira,Biltine,Biltine,2294,14.54,20.91,cereals and tubers,Wheat flour,58,KG,actual,Retail,XAF,913.91,1.57
TCD,2025-04-15,Wadi Fira,Dar-Tama,Guereda,2713,14.52,22.09,cereals and tubers,Rice (imported),64,KG,actual,Retail,XAF,888.73,1.53
TCD,2025-04-15,Wadi Fira,Dar-Tama,Guereda,2713,14.52,22.09,cereals and tubers,Wheat flour,58,KG,actual,Retail,XAF,774.33,1.33
TCD,2025-04-15,Wadi Fira,Iriba,Iriba,2300,15.13,22.25,cereals and tubers,Rice (imported),64,KG,actual,Retail,XAF,909.09,1.56
TCD,2025-04-15,Wadi Fira,Iriba,Iriba,2300,15.13,22.25,cereals and tubers,Wheat flour,58,KG,actual,Retail,XAF,818.18,1.41
TCD,2025-05-15,Barh El Gazal,Barh El Gazel Sud,Moussoro,233,13.64,16.49,cereals and tubers,Maize (white),67,KG,actual,Retail,XAF,460.73,0.77
TCD,2025-05-15,Barh El Gazal,Barh El Gazel Sud,Moussoro,233,13.64,16.49,cereals and tubers,Rice (imported),64,KG,actual,Retail,XAF,634.19,1.06
TCD,2025-05-15,Barh El Gazal,Barh El Gazel Sud,Moussoro,233,13.64,16.49,cereals and tubers,Wheat flour,58,KG,actual,Retail,XAF,812.45,1.36
TCD,2025-05-15,Batha,Batha-Est,Oumhadjer,5623,13.23,19.24,cereals and tubers,Maize (white),67,KG,actual,Retail,XAF,381.2,0.64
TCD,2025-05-15,Batha,Batha-Est,Oumhadjer,5623,13.23,19.24,cereals and tubers,Rice (imported),64,KG,actual,Retail,XAF,657.85,1.1
TCD,2025-05-15,Batha,Batha-Est,Oumhadjer,5623,13.23,19.24,cereals and tubers,Wheat flour,58,KG,actual,Retail,XAF,823.09,1.38
TCD,2025-05-15,Batha,Batha-Ouest,Ati,2279,13.21,18.33,cereals and tubers,Maize (white),67,KG,actual,Retail,XAF,289.6,0.48
TCD,2025-05-15,Batha,Batha-Ouest,Ati,2279,13.21,18.33,cereals and tubers,Rice (imported),64,KG,actual,Retail,XAF,633.85,1.06
TCD,2025-05-15,Batha,Batha-Ouest,Ati,2279,13.21,18.33,cereals and tubers,Wheat flour,58,KG,actual,Retail,XAF,809.09,1.35
TCD,2025-05-15,Batha,Fitri,Yao,2722,12.85,17.56,cereals and tubers,Rice (imported),64,KG,actual,Retail,XAF,679.97,1.14
TCD,2025-05-15,Batha,Fitri,Yao,2722,12.85,17.56,cereals and tubers,Wheat flour,58,KG,actual,Retail,XAF,838.64,1.4
TCD,2025-05-15,Borkou,Borkou,Faya,4498,17.92,19.11,cereals and tubers,Rice (imported),64,KG,actual,Retail,XAF,1063.73,1.78
TCD,2025-05-15,Borkou,Borkou,Faya,4498,17.92,19.11,cereals and tubers,Wheat flour,58,KG,actual,Retail,XAF,879.44,1.47
TCD,2025-05-15,Chari Baguirmi,Baguirmi,Dourbali,4500,11.79,15.86,cereals and tubers,Maize (white),67,KG,actual,Retail,XAF,259.88,0.43
TCD,2025-05-15,Chari Baguirmi,Baguirmi,Dourbali,4500,11.79,15.86,cereals and tubers,Rice (imported),64,KG,actual,Retail,XAF,545.76,0.91
TCD,2025-05-15,Chari Baguirmi,Baguirmi,Dourbali,4500,11.79,15.86,cereals and tubers,Wheat flour,58,KG,actual,Retail,XAF,792.32,1.33
TCD,2025-05-15,Chari Baguirmi,Baguirmi,Massenya,2717,11.4,16.17,cereals and tubers,Maize (white),67,KG,actual,Retail,XAF,255.77,0.43
TCD,2025-05-15,Chari Baguirmi,Baguirmi,Massenya,2717,11.4,16.17,cereals and tubers,Rice (imported),64,KG,actual,Retail,XAF,537.86,0.9
TCD,2025-05-15,Chari Baguirmi,Baguirmi,Massenya,2717,11.4,16.17,cereals and tubers,Wheat flour,58,KG,actual,Retail,XAF,844.73,1.41
TCD,2025-05-15,Chari Baguirmi,Chari,Mandelia,2299,11.73,15.24,cereals and tubers,Maize (white),67,KG,actual,Retail,XAF,273.55,0.46
TCD,2025-05-15,Chari Baguirmi,Chari,Mandelia,2299,11.73,15.24,cereals and tubers,Rice (imported),64,KG,actual,Retail,XAF,539.82,0.9
TCD,2025-05-15,Chari Baguirmi,Chari,Mandelia,2299,11.73,15.24,cereals and tubers,Wheat flour,58,KG,actual,Retail,XAF,810.09,1.36
TCD,2025-05-15,Chari Baguirmi,Loug-Chari,Bousso,2287,10.48,16.71,cereals and tubers,Maize (white),67,KG,actual,Retail,XAF,272.58,0.46
TCD,2025-05-15,Chari Baguirmi,Loug-Chari,Bousso,2287,10.48,16.71,cereals and tubers,Rice (imported),64,KG,actual,Retail,XAF,679.82,1.14
TCD,2025-05-15,Chari Baguirmi,Loug-Chari,Bousso,2287,10.48,16.71,cereals and tubers,Wheat flour,58,KG,actual,Retail,XAF,827.32,1.38
TCD,2025-05-15,Ennedi Est,Amdjarass,Amdjarass,4517,16.17,22.83,cereals and tubers,Rice (imported),64,KG,actual,Retail,XAF,969.57,1.62
TCD,2025-05-15,Ennedi Est,Amdjarass,Amdjarass,4517,16.17,22.83,cereals and tubers,Wheat flour,58,KG,actual,Retail,XAF,997.73,1.67
TCD,2025-05-15,Ennedi Ouest,Fada,Fada,6104,17.18,21.58,cereals and tubers,Rice (imported),64,KG,actual,Retail,XAF,1145.45,1.92
TCD,2025-05-15,Ennedi Ouest,Fada,Fada,6104,17.18,21.58,cereals and tubers,Wheat flour,58,KG,actual,Retail,XAF,1034.09,1.73
TCD,2025-05-15,Guera,Abtouyour,Bitkine,2719,11.98,18.21,cereals and tubers,Maize (white),67,KG,actual,Retail,XAF,387.77,0.65
TCD,2025-05-15,Guera,Abtouyour,Bitkine,2719,11.98,18.21,cereals and tubers,Rice (imported),64,KG,actual,Retail,XAF,673.65,1.13
TCD,2025-05-15,Guera,Abtouyour,Bitkine,2719,11.98,18.21,cereals and tubers,Wheat flour,58,KG,actual,Retail,XAF,815.91,1.37
TCD,2025-05-15,Guera,Barh-Signaka,Melfi,2755,11.06,17.93,cereals and tubers,Rice (imported),64,KG,actual,Retail,XAF,612.02,1.02
TCD,2025-05-15,Guera,Barh-Signaka,Melfi,2755,11.06,17.93,cereals and tubers,Wheat flour,58,KG,actual,Retail,XAF,819.77,1.37
TCD,2025-05-15,Guera,Guera,Mongo,231,12.18,18.69,cereals and tubers,Maize (white),67,KG,actual,Retail,XAF,411.38,0.69
TCD,2025-05-15,Guera,Guera,Mongo,231,12.18,18.69,cereals and tubers,Rice (imported),64,KG,actual,Retail,XAF,642.05,1.07
TCD,2025-05-15,Guera,Guera,Mongo,231,12.18,18.69,cereals and tubers,Wheat flour,58,KG,actual,Retail,XAF,793.18,1.33
TCD,2025-05-15,Guera,Mangalma,Mangalme,2715,12.36,19.61,cereals and tubers,Maize (white),67,KG,actual,Retail,XAF,418.1,0.7
TCD,2025-05-15,Guera,Mangalma,Mangalme,2715,12.36,19.61,cereals and tubers,Wheat flour,58,KG,actual,Retail,XAF,850,1.42
TCD,2025-05-15,Hadjer Lamis,Dababa,Bokoro,2296,12.38,17.06,cereals and tubers,Maize (white),67,KG,actual,Retail,XAF,414.75,0.69
TCD,2025-05-15,Hadjer Lamis,Dababa,Bokoro,2296,12.38,17.06,cereals and tubers,Rice (imported),64,KG,actual,Retail,XAF,595.32,1
TCD,2025-05-15,Hadjer Lamis,Dababa,Bokoro,2296,12.38,17.06,cereals and tubers,Wheat flour,58,KG,actual,Retail,XAF,770.45,1.29
TCD,2025-05-15,Hadjer Lamis,Dagana,Massakory,2295,13,15.73,cereals and tubers,Maize (white),67,KG,actual,Retail,XAF,436.38,0.73
TCD,2025-05-15,Hadjer Lamis,Dagana,Massakory,2295,13,15.73,cereals and tubers,Rice (imported),64,KG,actual,Retail,XAF,578.42,0.97
TCD,2025-05-15,Hadjer Lamis,Dagana,Massakory,2295,13,15.73,cereals and tubers,Wheat flour,58,KG,actual,Retail,XAF,834.09,1.4
TCD,2025-05-15,Hadjer Lamis,Haraze-Al-Biar,Massaguet,2716,12.48,15.44,cereals and tubers,Maize (white),67,KG,actual,Retail,XAF,411.5,0.69
TCD,2025-05-15,Hadjer Lamis,Haraze-Al-Biar,Massaguet,2716,12.48,15.44,cereals and tubers,Wheat flour,58,KG,actual,Retail,XAF,770.45,1.29
TCD,2025-05-15,Kanem,Kanem,Mao,230,14.12,15.31,cereals and tubers,Maize (white),67,KG,actual,Retail,XAF,488.59,0.82
TCD,2025-05-15,Kanem,Kanem,Mao,230,14.12,15.31,cereals and tubers,Rice (imported),64,KG,actual,Retail,XAF,648.81,1.09
TCD,2025-05-15,Kanem,Kanem,Mao,230,14.12,15.31,cereals and tubers,Wheat flour,58,KG,actual,Retail,XAF,818.95,1.37
TCD,2025-05-15,Lac,Kaya,Bagassola,4514,13.55,14.3,cereals and tubers,Maize (white),67,KG,actual,Retail,XAF,417.6,0.7
TCD,2025-05-15,Lac,Kaya,Bagassola,4514,13.55,14.3,cereals and tubers,Rice (imported),64,KG,actual,Retail,XAF,718.86,1.2
TCD,2025-05-15,Lac,Kaya,Bagassola,4514,13.55,14.3,cereals and tubers,Wheat flour,58,KG,actual,Retail,XAF,783.86,1.31
TCD,2025-05-15,Lac,Mamdi,Bol,229,13.5,14.68,cereals and tubers,Maize (white),67,KG,actual,Retail,XAF,396.8,0.66
TCD,2025-05-15,Lac,Mamdi,Bol,229,13.5,14.68,cereals and tubers,Rice (imported),64,KG,actual,Retail,XAF,669.68,1.12
TCD,2025-05-15,Lac,Mamdi,Bol,229,13.5,14.68,cereals and tubers,Wheat flour,58,KG,actual,Retail,XAF,796.36,1.33
TCD,2025-05-15,Lac,Wayi,Ngouri,2297,13.64,15.37,cereals and tubers,Maize (white),67,KG,actual,Retail,XAF,420.8,0.7
TCD,2025-05-15,Lac,Wayi,Ngouri,2297,13.64,15.37,cereals and tubers,Rice (imported),64,KG,actual,Retail,XAF,663.79,1.11
TCD,2025-05-15,Lac,Wayi,Ngouri,2297,13.64,15.37,cereals and tubers,Wheat flour,58,KG,actual,Retail,XAF,766.82,1.28
TCD,2025-05-15,Logone Occidental,Dodje,Mbaïnamar,2298,8.67,15.38,cereals and tubers,Maize (white),67,KG,actual,Retail,XAF,220.98,0.37
TCD,2025-05-15,Logone Occidental,Dodje,Mbaïnamar,2298,8.67,15.38,cereals and tubers,Rice (imported),64,KG,actual,Retail,XAF,612.22,1.02
TCD,2025-05-15,Logone Occidental,Dodje,Mbaïnamar,2298,8.67,15.38,cereals and tubers,Wheat flour,58,KG,actual,Retail,XAF,784.26,1.31
TCD,2025-05-15,Logone Occidental,Gueni,Krim Krim,2714,8.97,15.8,cereals and tubers,Maize (white),67,KG,actual,Retail,XAF,232.21,0.39
TCD,2025-05-15,Logone Occidental,Gueni,Krim Krim,2714,8.97,15.8,cereals and tubers,Wheat flour,58,KG,actual,Retail,XAF,755.55,1.26
TCD,2025-05-15,Logone Occidental,Lac Wey,Moundou,232,8.57,16.08,cereals and tubers,Rice (imported),64,KG,actual,Retail,XAF,608.84,1.02
TCD,2025-05-15,Logone Occidental,Lac Wey,Moundou,232,8.57,16.08,cereals and tubers,Wheat flour,58,KG,actual,Retail,XAF,777.74,1.3
TCD,2025-05-15,Logone Occidental,Ngourkoussou,Benoye,2292,8.99,16.32,cereals and tubers,Maize (white),67,KG,actual,Retail,XAF,224.21,0.38
TCD,2025-05-15,Logone Occidental,Ngourkoussou,Benoye,2292,8.99,16.32,cereals and tubers,Rice (imported),64,KG,actual,Retail,XAF,620.67,1.04
TCD,2025-05-15,Logone Occidental,Ngourkoussou,Benoye,2292,8.99,16.32,cereals and tubers,Wheat flour,58,KG,actual,Retail,XAF,771.91,1.29
TCD,2025-05-15,Logone Oriental,Kouh-Est,Bodo,2710,8.29,17.14,cereals and tubers,Maize (white),67,KG,actual,Retail,XAF,214.5,0.36
TCD,2025-05-15,Logone Oriental,Kouh-Est,Bodo,2710,8.29,17.14,cereals and tubers,Rice (imported),64,KG,actual,Retail,XAF,600.39,1
TCD,2025-05-15,Logone Oriental,Kouh-Est,Bodo,2710,8.29,17.14,cereals and tubers,Wheat flour,58,KG,actual,Retail,XAF,769.14,1.29
TCD,2025-05-15,Logone Oriental,La Nya,Bebedja,2708,8.67,16.57,cereals and tubers,Wheat flour,58,KG,actual,Retail,XAF,740.59,1.24
TCD,2025-05-15,Logone Oriental,La Nya Pendm,Gore,236,7.92,16.63,cereals and tubers,Maize (white),67,KG,actual,Retail,XAF,256.51,0.43
TCD,2025-05-15,Logone Oriental,La Nya Pendm,Gore,236,7.92,16.63,cereals and tubers,Rice (imported),64,KG,actual,Retail,XAF,612.22,1.02
TCD,2025-05-15,Logone Oriental,La Nya Pendm,Gore,236,7.92,16.63,cereals and tubers,Wheat flour,58,KG,actual,Retail,XAF,753.6,1.26
TCD,2025-05-15,Logone Oriental,La Pend,Doba,2293,8.67,16.86,cereals and tubers,Maize (white),67,KG,actual,Retail,XAF,244.39,0.41
TCD,2025-05-15,Logone Oriental,La Pend,Doba,2293,8.67,16.86,cereals and tubers,Rice (imported),64,KG,actual,Retail,XAF,595.32,1
TCD,2025-05-15,Logone Oriental,La Pend,Doba,2293,8.67,16.86,cereals and tubers,Wheat flour,58,KG,actual,Retail,XAF,767.08,1.28
TCD,2025-05-15,Logone Oriental,Monts de Lam,Mbaïbokoum,2303,7.74,15.69,cereals and tubers,Rice (imported),64,KG,actual,Retail,XAF,612.22,1.02
TCD,2025-05-15,Logone Oriental,Monts de Lam,Mbaïbokoum,2303,7.74,15.69,cereals and tubers,Wheat flour,58,KG,actual,Retail,XAF,784.05,1.31
TCD,2025-05-15,Mandoul,Barh-Sara,Moissala,2283,8.34,17.76,cereals and tubers,Maize (white),67,KG,actual,Retail,XAF,252.21,0.42
TCD,2025-05-15,Mandoul,Barh-Sara,Moissala,2283,8.34,17.76,cereals and tubers,Rice (imported),64,KG,actual,Retail,XAF,544.62,0.91
TCD,2025-05-15,Mandoul,Mandoul Occidental,Bedjondo,4509,8.61,17.19,cereals and tubers,Maize (white),67,KG,actual,Retail,XAF,242.14,0.41
TCD,2025-05-15,Mandoul,Mandoul Occidental,Bedjondo,4509,8.61,17.19,cereals and tubers,Rice (imported),64,KG,actual,Retail,XAF,559.02,0.94
TCD,2025-05-15,Mandoul,Mandoul Occidental,Bedjondo,4509,8.61,17.19,cereals and tubers,Wheat flour,58,KG,actual,Retail,XAF,782.27,1.31
TCD,2025-05-15,Mandoul,Mandoul Occidental,Peni,2284,8.8,17.3,cereals and tubers,Maize (white),67,KG,actual,Retail,XAF,240.53,0.4
TCD,2025-05-15,Mandoul,Mandoul Occidental,Peni,2284,8.8,17.3,cereals and tubers,Rice (imported),64,KG,actual,Retail,XAF,554.76,0.93
TCD,2025-05-15,Mandoul,Mandoul Occidental,Peni,2284,8.8,17.3,cereals and tubers,Wheat flour,58,KG,actual,Retail,XAF,769.77,1.29
TCD,2025-05-15,Mandoul,Mandoul Oriental,Koumra,2282,8.92,17.55,cereals and tubers,Maize (white),67,KG,actual,Retail,XAF,255.06,0.43
TCD,2025-05-15,Mandoul,Mandoul Oriental,Koumra,2282,8.92,17.55,cereals and tubers,Rice (imported),64,KG,actual,Retail,XAF,556.45,0.93
TCD,2025-05-15,Mandoul,Mandoul Oriental,Koumra,2282,8.92,17.55,cereals and tubers,Wheat flour,58,KG,actual,Retail,XAF,811.66,1.36
TCD,2025-05-15,Mayo Kebbi Est,Kabia,Pont Karol,4473,9.59,15.49,cereals and tubers,Maize (white),67,KG,actual,Retail,XAF,252.14,0.42
TCD,2025-05-15,Mayo Kebbi Est,Kabia,Pont Karol,4473,9.59,15.49,cereals and tubers,Rice (imported),64,KG,actual,Retail,XAF,554.76,0.93
TCD,2025-05-15,Mayo Kebbi Est,Kabia,Pont Karol,4473,9.59,15.49,cereals and tubers,Wheat flour,58,KG,actual,Retail,XAF,842.24,1.41
TCD,2025-05-15,Mayo Kebbi Est,Mayo Boneye,Bongor,1964,10.28,15.39,cereals and tubers,Maize (white),67,KG,actual,Retail,XAF,272.58,0.46
TCD,2025-05-15,Mayo Kebbi Est,Mayo Boneye,Bongor,1964,10.28,15.39,cereals and tubers,Rice (imported),64,KG,actual,Retail,XAF,629.12,1.05
TCD,2025-05-15,Mayo Kebbi Est,Mayo Boneye,Bongor,1964,10.28,15.39,cereals and tubers,Wheat flour,58,KG,actual,Retail,XAF,904.32,1.51
TCD,2025-05-15,Mayo Kebbi Est,Mayo-Lemi,Gueledeng,2712,10.92,15.54,cereals and tubers,Rice (imported),64,KG,actual,Retail,XAF,510.82,0.85
TCD,2025-05-15,Mayo Kebbi Est,Mont Illi,Fianga,2711,9.92,15.12,cereals and tubers,Maize (white),67,KG,actual,Retail,XAF,292.05,0.49
TCD,2025-05-15,Mayo Kebbi Est,Mont Illi,Fianga,2711,9.92,15.12,cereals and tubers,Wheat flour,58,KG,actual,Retail,XAF,816.5,1.37
TCD,2025-05-15,Mayo Kebbi Ouest,Lac-LBrn,Lere,2721,9.66,14.22,cereals and tubers,Maize (white),67,KG,actual,Retail,XAF,243.38,0.41
TCD,2025-05-15,Mayo Kebbi Ouest,Lac-LBrn,Lere,2721,9.66,14.22,cereals and tubers,Rice (imported),64,KG,actual,Retail,XAF,595.32,1
TCD,2025-05-15,Mayo Kebbi Ouest,Lac-LBrn,Lere,2721,9.66,14.22,cereals and tubers,Wheat flour,58,KG,actual,Retail,XAF,927.4,1.55
TCD,2025-05-15,Mayo Kebbi Ouest,Mayo Binder,Binder,8408,9.96,14.47,cereals and tubers,Maize (white),67,KG,actual,Retail,XAF,233.64,0.39
TCD,2025-05-15,Mayo Kebbi Ouest,Mayo Binder,Binder,8408,9.96,14.47,cereals and tubers,Rice (imported),64,KG,actual,Retail,XAF,600.39,1
TCD,2025-05-15,Mayo Kebbi Ouest,Mayo Binder,Binder,8408,9.96,14.47,cereals and tubers,Wheat flour,58,KG,actual,Retail,XAF,868.18,1.45
TCD,2025-05-15,Mayo Kebbi Ouest,Mayo-Dallah,Pala,2288,9.37,14.91,cereals and tubers,Rice (imported),64,KG,actual,Retail,XAF,527.72,0.88
TCD,2025-05-15,Mayo Kebbi Ouest,Mayo-Dallah,Pala,2288,9.37,14.91,cereals and tubers,Wheat flour,58,KG,actual,Retail,XAF,855.93,1.43
TCD,2025-05-15,Moyen Chari,Barh-K h,Sarh,235,9.14,18.39,cereals and tubers,Maize (white),67,KG,actual,Retail,XAF,267.71,0.45
TCD,2025-05-15,Moyen Chari,Barh-K h,Sarh,235,9.14,18.39,cereals and tubers,Rice (imported),64,KG,actual,Retail,XAF,608.84,1.02
TCD,2025-05-15,Moyen Chari,Barh-K h,Sarh,235,9.14,18.39,cereals and tubers,Wheat flour,58,KG,actual,Retail,XAF,686.02,1.15
TCD,2025-05-15,Moyen Chari,Grande Sido,Danamadji,5618,8.75,18.55,cereals and tubers,Maize (white),67,KG,actual,Retail,XAF,234.58,0.39
TCD,2025-05-15,Moyen Chari,Grande Sido,Danamadji,5618,8.75,18.55,cereals and tubers,Rice (imported),64,KG,actual,Retail,XAF,578.42,0.97
TCD,2025-05-15,Moyen Chari,Grande Sido,Danamadji,5618,8.75,18.55,cereals and tubers,Wheat flour,58,KG,actual,Retail,XAF,545.84,0.91
TCD,2025-05-15,Moyen Chari,Grande Sido,Maro,2285,8.42,18.77,cereals and tubers,Maize (white),67,KG,actual,Retail,XAF,220.85,0.37
TCD,2025-05-15,Moyen Chari,Grande Sido,Maro,2285,8.42,18.77,cereals and tubers,Rice (imported),64,KG,actual,Retail,XAF,554.76,0.93
TCD,2025-05-15,Moyen Chari,Grande Sido,Maro,2285,8.42,18.77,cereals and tubers,Wheat flour,58,KG,actual,Retail,XAF,487.62,0.82
TCD,2025-05-15,Moyen Chari,Grande Sido,Sido,4471,8.25,18.71,cereals and tubers,Rice (imported),64,KG,actual,Retail,XAF,559.49,0.94
TCD,2025-05-15,Moyen Chari,Grande Sido,Sido,4471,8.25,18.71,cereals and tubers,Wheat flour,58,KG,actual,Retail,XAF,499.26,0.84
TCD,2025-05-15,Moyen Chari,Lac Iro,Kyabe,2281,9.45,18.94,cereals and tubers,Maize (white),67,KG,actual,Retail,XAF,243.73,0.41
TCD,2025-05-15,Moyen Chari,Lac Iro,Kyabe,2281,9.45,18.94,cereals and tubers,Rice (imported),64,KG,actual,Retail,XAF,544.62,0.91
TCD,2025-05-15,Moyen Chari,Lac Iro,Kyabe,2281,9.45,18.94,cereals and tubers,Wheat flour,58,KG,actual,Retail,XAF,574.65,0.96
TCD,2025-05-15,Ndjaména,Ndjamena,Dembe,11368,12.1,15.08,cereals and tubers,Maize (white),67,KG,actual,Retail,XAF,315.96,0.53
TCD,2025-05-15,Ndjaména,Ndjamena,Dembe,11368,12.1,15.08,cereals and tubers,Rice (imported),64,KG,actual,Retail,XAF,654.89,1.1
TCD,2025-05-15,Ndjaména,Ndjamena,Dembe,11368,12.1,15.08,cereals and tubers,Wheat flour,58,KG,actual,Retail,XAF,714.77,1.2
TCD,2025-05-15,Ndjaména,Ndjamena,N'djamena (Atrone),4515,12.09,15.13,cereals and tubers,Maize (white),67,KG,actual,Retail,XAF,316.65,0.53
TCD,2025-05-15,Ndjaména,Ndjamena,N'djamena (Atrone),4515,12.09,15.13,cereals and tubers,Rice (imported),64,KG,actual,Retail,XAF,669.33,1.12
TCD,2025-05-15,Ndjaména,Ndjamena,N'djamena (Atrone),4515,12.09,15.13,cereals and tubers,Wheat flour,58,KG,actual,Retail,XAF,705.45,1.18
TCD,2025-05-15,Ndjaména,Ndjamena,Ndjamena (Marche A Mil),4480,12.11,15.06,cereals and tubers,Maize (white),67,KG,actual,Retail,XAF,315.5,0.53
TCD,2025-05-15,Ndjaména,Ndjamena,Ndjamena (Marche A Mil),4480,12.11,15.06,cereals and tubers,Rice (imported),64,KG,actual,Retail,XAF,627.29,1.05
TCD,2025-05-15,Ndjaména,Ndjamena,Ndjamena (Marche A Mil),4480,12.11,15.06,cereals and tubers,Wheat flour,58,KG,actual,Retail,XAF,731.82,1.22
TCD,2025-05-15,Ouaddai,Assongha,Adre,4519,13.46,22.19,cereals and tubers,Rice (imported),64,KG,actual,Retail,XAF,985.82,1.65
TCD,2025-05-15,Ouaddai,Assongha,Adre,4519,13.46,22.19,cereals and tubers,Wheat flour,58,KG,actual,Retail,XAF,999.35,1.67
TCD,2025-05-15,Ouaddai,Ouara,Abeche,228,13.82,20.82,cereals and tubers,Maize (white),67,KG,actual,Retail,XAF,366.8,0.61
TCD,2025-05-15,Ouaddai,Ouara,Abeche,228,13.82,20.82,cereals and tubers,Wheat flour,58,KG,actual,Retail,XAF,818.85,1.37
TCD,2025-05-15,Salamat,Aboudeia,Aboudeia,2286,11.45,19.28,cereals and tubers,Maize (white),67,KG,actual,Retail,XAF,387.77,0.65
TCD,2025-05-15,Salamat,Aboudeia,Aboudeia,2286,11.45,19.28,cereals and tubers,Rice (imported),64,KG,actual,Retail,XAF,727.27,1.22
TCD,2025-05-15,Salamat,Aboudeia,Aboudeia,2286,11.45,19.28,cereals and tubers,Wheat flour,58,KG,actual,Retail,XAF,832.37,1.39
TCD,2025-05-15,Salamat,Barh-Azoum,Am Timan,1962,11.04,20.28,cereals and tubers,Maize (white),67,KG,actual,Retail,XAF,420.46,0.7
TCD,2025-05-15,Salamat,Barh-Azoum,Am Timan,1962,11.04,20.28,cereals and tubers,Rice (imported),64,KG,actual,Retail,XAF,744.73,1.25
TCD,2025-05-15,Sila,Kimiti,Goz Beida,2290,12.23,21.41,cereals and tubers,Rice (imported),64,KG,actual,Retail,XAF,913.09,1.53
TCD,2025-05-15,Sila,Kimiti,Goz Beida,2290,12.23,21.41,cereals and tubers,Wheat flour,58,KG,actual,Retail,XAF,864.26,1.45
TCD,2025-05-15,Tandjile,Tandjile-Centre,Bere,4508,9.31,16.15,cereals and tubers,Maize (white),67,KG,actual,Retail,XAF,255.25,0.43
TCD,2025-05-15,Tandjile,Tandjile-Centre,Bere,4508,9.31,16.15,cereals and tubers,Wheat flour,58,KG,actual,Retail,XAF,866.3,1.45
TCD,2025-05-15,Tandjile,Tandjile-Est,Laï,2289,9.4,16.31,cereals and tubers,Maize (white),67,KG,actual,Retail,XAF,268.69,0.45
TCD,2025-05-15,Tandjile,Tandjile-Est,Laï,2289,9.4,16.31,cereals and tubers,Rice (imported),64,KG,actual,Retail,XAF,617.29,1.03
TCD,2025-05-15,Tandjile,Tandjile-Est,Laï,2289,9.4,16.31,cereals and tubers,Wheat flour,58,KG,actual,Retail,XAF,804.7,1.35
TCD,2025-05-15,Tandjile,Tandjile-Ouest,Kélo,1963,9.31,15.8,cereals and tubers,Maize (white),67,KG,actual,Retail,XAF,253.11,0.42
TCD,2025-05-15,Tandjile,Tandjile-Ouest,Kélo,1963,9.31,15.8,cereals and tubers,Rice (imported),64,KG,actual,Retail,XAF,566.59,0.95
TCD,2025-05-15,Wadi Fira,Biltine,Biltine,2294,14.54,20.91,cereals and tubers,Wheat flour,58,KG,actual,Retail,XAF,882.5,1.48
TCD,2025-05-15,Wadi Fira,Dar-Tama,Guereda,2713,14.52,22.09,cereals and tubers,Rice (imported),64,KG,actual,Retail,XAF,905.45,1.52
TCD,2025-05-15,Wadi Fira,Dar-Tama,Guereda,2713,14.52,22.09,cereals and tubers,Wheat flour,58,KG,actual,Retail,XAF,794.78,1.33
TCD,2025-05-15,Wadi Fira,Iriba,Iriba,2300,15.13,22.25,cereals and tubers,Rice (imported),64,KG,actual,Retail,XAF,924,1.55
TCD,2025-05-15,Wadi Fira,Iriba,Iriba,2300,15.13,22.25,cereals and tubers,Wheat flour,58,KG,actual,Retail,XAF,838.64,1.4
TCD,2025-06-15,Barh El Gazal,Barh El Gazel Sud,Moussoro,233,13.64,16.49,cereals and tubers,Rice (imported),64,KG,actual,Retail,XAF,653.87,1.15
TCD,2025-06-15,Barh El Gazal,Barh El Gazel Sud,Moussoro,233,13.64,16.49,cereals and tubers,Wheat flour,58,KG,actual,Retail,XAF,808.68,1.42
TCD,2025-06-15,Batha,Batha-Est,Oumhadjer,5623,13.23,19.24,cereals and tubers,Maize (white),67,KG,actual,Retail,XAF,348,0.61
TCD,2025-06-15,Batha,Batha-Est,Oumhadjer,5623,13.23,19.24,cereals and tubers,Rice (imported),64,KG,actual,Retail,XAF,623.55,1.1
TCD,2025-06-15,Batha,Batha-Est,Oumhadjer,5623,13.23,19.24,cereals and tubers,Wheat flour,58,KG,actual,Retail,XAF,836,1.47
TCD,2025-06-15,Batha,Batha-Ouest,Ati,2279,13.21,18.33,cereals and tubers,Maize (white),67,KG,actual,Retail,XAF,272,0.48
TCD,2025-06-15,Batha,Batha-Ouest,Ati,2279,13.21,18.33,cereals and tubers,Rice (imported),64,KG,actual,Retail,XAF,598.58,1.05
TCD,2025-06-15,Batha,Fitri,Yao,2722,12.85,17.56,cereals and tubers,Rice (imported),64,KG,actual,Retail,XAF,661.38,1.17
TCD,2025-06-15,Batha,Fitri,Yao,2722,12.85,17.56,cereals and tubers,Wheat flour,58,KG,actual,Retail,XAF,847.95,1.49
TCD,2025-06-15,Borkou,Borkou,Faya,4498,17.92,19.11,cereals and tubers,Wheat flour,58,KG,actual,Retail,XAF,899.45,1.58
TCD,2025-06-15,Chari Baguirmi,Baguirmi,Dourbali,4500,11.79,15.86,cereals and tubers,Maize (white),67,KG,actual,Retail,XAF,247.98,0.44
TCD,2025-06-15,Chari Baguirmi,Baguirmi,Dourbali,4500,11.79,15.86,cereals and tubers,Wheat flour,58,KG,actual,Retail,XAF,817.8,1.44
TCD,2025-06-15,Chari Baguirmi,Baguirmi,Massenya,2717,11.4,16.17,cereals and tubers,Maize (white),67,KG,actual,Retail,XAF,255.41,0.45
TCD,2025-06-15,Chari Baguirmi,Baguirmi,Massenya,2717,11.4,16.17,cereals and tubers,Rice (imported),64,KG,actual,Retail,XAF,541.8,0.95
TCD,2025-06-15,Chari Baguirmi,Baguirmi,Massenya,2717,11.4,16.17,cereals and tubers,Wheat flour,58,KG,actual,Retail,XAF,857.09,1.51
TCD,2025-06-15,Chari Baguirmi,Chari,Mandelia,2299,11.73,15.24,cereals and tubers,Maize (white),67,KG,actual,Retail,XAF,230.18,0.41
TCD,2025-06-15,Chari Baguirmi,Chari,Mandelia,2299,11.73,15.24,cereals and tubers,Rice (imported),64,KG,actual,Retail,XAF,540.87,0.95
TCD,2025-06-15,Chari Baguirmi,Chari,Mandelia,2299,11.73,15.24,cereals and tubers,Wheat flour,58,KG,actual,Retail,XAF,855.89,1.51
TCD,2025-06-15,Chari Baguirmi,Loug-Chari,Bousso,2287,10.48,16.71,cereals and tubers,Maize (white),67,KG,actual,Retail,XAF,245.52,0.43
TCD,2025-06-15,Chari Baguirmi,Loug-Chari,Bousso,2287,10.48,16.71,cereals and tubers,Rice (imported),64,KG,actual,Retail,XAF,665.43,1.17
TCD,2025-06-15,Chari Baguirmi,Loug-Chari,Bousso,2287,10.48,16.71,cereals and tubers,Wheat flour,58,KG,actual,Retail,XAF,830.98,1.46
TCD,2025-06-15,Ennedi Est,Amdjarass,Amdjarass,4517,16.17,22.83,cereals and tubers,Wheat flour,58,KG,actual,Retail,XAF,984.32,1.73
TCD,2025-06-15,Ennedi Ouest,Fada,Fada,6104,17.18,21.58,cereals and tubers,Rice (imported),64,KG,actual,Retail,XAF,1190.41,2.1
TCD,2025-06-15,Ennedi Ouest,Fada,Fada,6104,17.18,21.58,cereals and tubers,Wheat flour,58,KG,actual,Retail,XAF,1027.5,1.81
TCD,2025-06-15,Guera,Abtouyour,Bitkine,2719,11.98,18.21,cereals and tubers,Maize (white),67,KG,actual,Retail,XAF,350,0.62
TCD,2025-06-15,Guera,Abtouyour,Bitkine,2719,11.98,18.21,cereals and tubers,Rice (imported),64,KG,actual,Retail,XAF,738.59,1.3
TCD,2025-06-15,Guera,Abtouyour,Bitkine,2719,11.98,18.21,cereals and tubers,Wheat flour,58,KG,actual,Retail,XAF,825.23,1.45
TCD,2025-06-15,Guera,Barh-Signaka,Melfi,2755,11.06,17.93,cereals and tubers,Maize (white),67,KG,actual,Retail,XAF,309,0.54
TCD,2025-06-15,Guera,Barh-Signaka,Melfi,2755,11.06,17.93,cereals and tubers,Rice (imported),64,KG,actual,Retail,XAF,818.77,1.44
TCD,2025-06-15,Guera,Barh-Signaka,Melfi,2755,11.06,17.93,cereals and tubers,Wheat flour,58,KG,actual,Retail,XAF,827.16,1.46
TCD,2025-06-15,Guera,Guera,Mongo,231,12.18,18.69,cereals and tubers,Maize (white),67,KG,actual,Retail,XAF,375,0.66
TCD,2025-06-15,Guera,Guera,Mongo,231,12.18,18.69,cereals and tubers,Rice (imported),64,KG,actual,Retail,XAF,767.91,1.35
TCD,2025-06-15,Guera,Guera,Mongo,231,12.18,18.69,cereals and tubers,Wheat flour,58,KG,actual,Retail,XAF,813.86,1.43
TCD,2025-06-15,Guera,Mangalma,Mangalme,2715,12.36,19.61,cereals and tubers,Maize (white),67,KG,actual,Retail,XAF,388,0.68
TCD,2025-06-15,Guera,Mangalma,Mangalme,2715,12.36,19.61,cereals and tubers,Rice (imported),64,KG,actual,Retail,XAF,785.32,1.38
TCD,2025-06-15,Guera,Mangalma,Mangalme,2715,12.36,19.61,cereals and tubers,Wheat flour,58,KG,actual,Retail,XAF,853.64,1.5
TCD,2025-06-15,Hadjer Lamis,Dababa,Bokoro,2296,12.38,17.06,cereals and tubers,Maize (white),67,KG,actual,Retail,XAF,430.62,0.76
TCD,2025-06-15,Hadjer Lamis,Dababa,Bokoro,2296,12.38,17.06,cereals and tubers,Rice (imported),64,KG,actual,Retail,XAF,619.48,1.09
TCD,2025-06-15,Hadjer Lamis,Dababa,Bokoro,2296,12.38,17.06,cereals and tubers,Wheat flour,58,KG,actual,Retail,XAF,768.41,1.35
TCD,2025-06-15,Hadjer Lamis,Dagana,Massakory,2295,13,15.73,cereals and tubers,Maize (white),67,KG,actual,Retail,XAF,394,0.69
TCD,2025-06-15,Hadjer Lamis,Dagana,Massakory,2295,13,15.73,cereals and tubers,Rice (imported),64,KG,actual,Retail,XAF,661.7,1.17
TCD,2025-06-15,Hadjer Lamis,Dagana,Massakory,2295,13,15.73,cereals and tubers,Wheat flour,58,KG,actual,Retail,XAF,852.5,1.5
TCD,2025-06-15,Hadjer Lamis,Haraze-Al-Biar,Massaguet,2716,12.48,15.44,cereals and tubers,Maize (white),67,KG,actual,Retail,XAF,409,0.72
TCD,2025-06-15,Hadjer Lamis,Haraze-Al-Biar,Massaguet,2716,12.48,15.44,cereals and tubers,Wheat flour,58,KG,actual,Retail,XAF,768.41,1.35
TCD,2025-06-15,Kanem,Kanem,Mao,230,14.12,15.31,cereals and tubers,Maize (white),67,KG,actual,Retail,XAF,530,0.93
TCD,2025-06-15,Kanem,Kanem,Mao,230,14.12,15.31,cereals and tubers,Rice (imported),64,KG,actual,Retail,XAF,667.05,1.18
TCD,2025-06-15,Kanem,Kanem,Mao,230,14.12,15.31,cereals and tubers,Wheat flour,58,KG,actual,Retail,XAF,818.43,1.44
TCD,2025-06-15,Lac,Kaya,Bagassola,4514,13.55,14.3,cereals and tubers,Maize (white),67,KG,actual,Retail,XAF,400,0.7
TCD,2025-06-15,Lac,Kaya,Bagassola,4514,13.55,14.3,cereals and tubers,Wheat flour,58,KG,actual,Retail,XAF,799.89,1.41
TCD,2025-06-15,Lac,Mamdi,Bol,229,13.5,14.68,cereals and tubers,Maize (white),67,KG,actual,Retail,XAF,421.5,0.74
TCD,2025-06-15,Lac,Mamdi,Bol,229,13.5,14.68,cereals and tubers,Rice (imported),64,KG,actual,Retail,XAF,662.8,1.17
TCD,2025-06-15,Lac,Mamdi,Bol,229,13.5,14.68,cereals and tubers,Wheat flour,58,KG,actual,Retail,XAF,818.64,1.44
TCD,2025-06-15,Lac,Wayi,Ngouri,2297,13.64,15.37,cereals and tubers,Maize (white),67,KG,actual,Retail,XAF,412.5,0.73
TCD,2025-06-15,Lac,Wayi,Ngouri,2297,13.64,15.37,cereals and tubers,Rice (imported),64,KG,actual,Retail,XAF,660.3,1.16
TCD,2025-06-15,Lac,Wayi,Ngouri,2297,13.64,15.37,cereals and tubers,Wheat flour,58,KG,actual,Retail,XAF,791.36,1.39
TCD,2025-06-15,Logone Occidental,Dodje,Mbaïnamar,2298,8.67,15.38,cereals and tubers,Maize (white),67,KG,actual,Retail,XAF,231.71,0.41
TCD,2025-06-15,Logone Occidental,Dodje,Mbaïnamar,2298,8.67,15.38,cereals and tubers,Rice (imported),64,KG,actual,Retail,XAF,574.18,1.01
TCD,2025-06-15,Logone Occidental,Dodje,Mbaïnamar,2298,8.67,15.38,cereals and tubers,Wheat flour,58,KG,actual,Retail,XAF,767.56,1.35
TCD,2025-06-15,Logone Occidental,Gueni,Krim Krim,2714,8.97,15.8,cereals and tubers,Maize (white),67,KG,actual,Retail,XAF,197.95,0.35
TCD,2025-06-15,Logone Occidental,Gueni,Krim Krim,2714,8.97,15.8,cereals and tubers,Rice (imported),64,KG,actual,Retail,XAF,558.05,0.98
TCD,2025-06-15,Logone Occidental,Gueni,Krim Krim,2714,8.97,15.8,cereals and tubers,Wheat flour,58,KG,actual,Retail,XAF,744.23,1.31
TCD,2025-06-15,Logone Occidental,Lac Wey,Moundou,232,8.57,16.08,cereals and tubers,Rice (imported),64,KG,actual,Retail,XAF,510.25,0.9
TCD,2025-06-15,Logone Occidental,Lac Wey,Moundou,232,8.57,16.08,cereals and tubers,Wheat flour,58,KG,actual,Retail,XAF,770.82,1.36
TCD,2025-06-15,Logone Occidental,Ngourkoussou,Benoye,2292,8.99,16.32,cereals and tubers,Maize (white),67,KG,actual,Retail,XAF,235.29,0.41
TCD,2025-06-15,Logone Occidental,Ngourkoussou,Benoye,2292,8.99,16.32,cereals and tubers,Rice (imported),64,KG,actual,Retail,XAF,590.36,1.04
TCD,2025-06-15,Logone Occidental,Ngourkoussou,Benoye,2292,8.99,16.32,cereals and tubers,Wheat flour,58,KG,actual,Retail,XAF,743.81,1.31
TCD,2025-06-15,Logone Oriental,Kouh-Est,Bodo,2710,8.29,17.14,cereals and tubers,Maize (white),67,KG,actual,Retail,XAF,260.5,0.46
TCD,2025-06-15,Logone Oriental,Kouh-Est,Bodo,2710,8.29,17.14,cereals and tubers,Wheat flour,58,KG,actual,Retail,XAF,768.02,1.35
TCD,2025-06-15,Logone Oriental,La Nya,Bebedja,2708,8.67,16.57,cereals and tubers,Maize (white),67,KG,actual,Retail,XAF,260.5,0.46
TCD,2025-06-15,Logone Oriental,La Nya,Bebedja,2708,8.67,16.57,cereals and tubers,Rice (imported),64,KG,actual,Retail,XAF,551.18,0.97
TCD,2025-06-15,Logone Oriental,La Nya,Bebedja,2708,8.67,16.57,cereals and tubers,Wheat flour,58,KG,actual,Retail,XAF,739.75,1.3
TCD,2025-06-15,Logone Oriental,La Nya Pendm,Gore,236,7.92,16.63,cereals and tubers,Maize (white),67,KG,actual,Retail,XAF,280.5,0.49
TCD,2025-06-15,Logone Oriental,La Nya Pendm,Gore,236,7.92,16.63,cereals and tubers,Rice (imported),64,KG,actual,Retail,XAF,560.18,0.99
TCD,2025-06-15,Logone Oriental,La Nya Pendm,Gore,236,7.92,16.63,cereals and tubers,Wheat flour,58,KG,actual,Retail,XAF,734.61,1.29
TCD,2025-06-15,Logone Oriental,La Pend,Doba,2293,8.67,16.86,cereals and tubers,Maize (white),67,KG,actual,Retail,XAF,273.5,0.48
TCD,2025-06-15,Logone Oriental,La Pend,Doba,2293,8.67,16.86,cereals and tubers,Rice (imported),64,KG,actual,Retail,XAF,493,0.87
TCD,2025-06-15,Logone Oriental,La Pend,Doba,2293,8.67,16.86,cereals and tubers,Wheat flour,58,KG,actual,Retail,XAF,766.76,1.35
TCD,2025-06-15,Logone Oriental,Monts de Lam,Mbaïbokoum,2303,7.74,15.69,cereals and tubers,Maize (white),67,KG,actual,Retail,XAF,260,0.46
TCD,2025-06-15,Logone Oriental,Monts de Lam,Mbaïbokoum,2303,7.74,15.69,cereals and tubers,Rice (imported),64,KG,actual,Retail,XAF,532.73,0.94
TCD,2025-06-15,Logone Oriental,Monts de Lam,Mbaïbokoum,2303,7.74,15.69,cereals and tubers,Wheat flour,58,KG,actual,Retail,XAF,762.02,1.34
TCD,2025-06-15,Mandoul,Barh-Sara,Moissala,2283,8.34,17.76,cereals and tubers,Maize (white),67,KG,actual,Retail,XAF,242.96,0.43
TCD,2025-06-15,Mandoul,Barh-Sara,Moissala,2283,8.34,17.76,cereals and tubers,Rice (imported),64,KG,actual,Retail,XAF,516.17,0.91
TCD,2025-06-15,Mandoul,Barh-Sara,Moissala,2283,8.34,17.76,cereals and tubers,Wheat flour,58,KG,actual,Retail,XAF,807.05,1.42
TCD,2025-06-15,Mandoul,Mandoul Occidental,Bedjondo,4509,8.61,17.19,cereals and tubers,Maize (white),67,KG,actual,Retail,XAF,260.21,0.46
TCD,2025-06-15,Mandoul,Mandoul Occidental,Bedjondo,4509,8.61,17.19,cereals and tubers,Rice (imported),64,KG,actual,Retail,XAF,524.67,0.92
TCD,2025-06-15,Mandoul,Mandoul Occidental,Bedjondo,4509,8.61,17.19,cereals and tubers,Wheat flour,58,KG,actual,Retail,XAF,770.91,1.36
TCD,2025-06-15,Mandoul,Mandoul Occidental,Peni,2284,8.8,17.3,cereals and tubers,Maize (white),67,KG,actual,Retail,XAF,255.11,0.45
TCD,2025-06-15,Mandoul,Mandoul Occidental,Peni,2284,8.8,17.3,cereals and tubers,Rice (imported),64,KG,actual,Retail,XAF,512.6,0.9
TCD,2025-06-15,Mandoul,Mandoul Occidental,Peni,2284,8.8,17.3,cereals and tubers,Wheat flour,58,KG,actual,Retail,XAF,760.34,1.34
TCD,2025-06-15,Mandoul,Mandoul Oriental,Koumra,2282,8.92,17.55,cereals and tubers,Maize (white),67,KG,actual,Retail,XAF,253.7,0.45
TCD,2025-06-15,Mandoul,Mandoul Oriental,Koumra,2282,8.92,17.55,cereals and tubers,Rice (imported),64,KG,actual,Retail,XAF,500.59,0.88
TCD,2025-06-15,Mandoul,Mandoul Oriental,Koumra,2282,8.92,17.55,cereals and tubers,Wheat flour,58,KG,actual,Retail,XAF,807.49,1.42
TCD,2025-06-15,Mayo Kebbi Est,Kabia,Pont Karol,4473,9.59,15.49,cereals and tubers,Maize (white),67,KG,actual,Retail,XAF,240.41,0.42
TCD,2025-06-15,Mayo Kebbi Est,Kabia,Pont Karol,4473,9.59,15.49,cereals and tubers,Rice (imported),64,KG,actual,Retail,XAF,542.91,0.96
TCD,2025-06-15,Mayo Kebbi Est,Kabia,Pont Karol,4473,9.59,15.49,cereals and tubers,Wheat flour,58,KG,actual,Retail,XAF,852.45,1.5
TCD,2025-06-15,Mayo Kebbi Est,Mayo Boneye,Bongor,1964,10.28,15.39,cereals and tubers,Maize (white),67,KG,actual,Retail,XAF,268.54,0.47
TCD,2025-06-15,Mayo Kebbi Est,Mayo Boneye,Bongor,1964,10.28,15.39,cereals and tubers,Rice (imported),64,KG,actual,Retail,XAF,570.5,1
TCD,2025-06-15,Mayo Kebbi Est,Mayo-Lemi,Gueledeng,2712,10.92,15.54,cereals and tubers,Rice (imported),64,KG,actual,Retail,XAF,533.44,0.94
TCD,2025-06-15,Mayo Kebbi Est,Mont Illi,Fianga,2711,9.92,15.12,cereals and tubers,Maize (white),67,KG,actual,Retail,XAF,277.23,0.49
TCD,2025-06-15,Mayo Kebbi Est,Mont Illi,Fianga,2711,9.92,15.12,cereals and tubers,Wheat flour,58,KG,actual,Retail,XAF,831.57,1.46
TCD,2025-06-15,Mayo Kebbi Ouest,Lac-LBrn,Lere,2721,9.66,14.22,cereals and tubers,Maize (white),67,KG,actual,Retail,XAF,222.5,0.39
TCD,2025-06-15,Mayo Kebbi Ouest,Lac-LBrn,Lere,2721,9.66,14.22,cereals and tubers,Rice (imported),64,KG,actual,Retail,XAF,553.15,0.97
TCD,2025-06-15,Mayo Kebbi Ouest,Lac-LBrn,Lere,2721,9.66,14.22,cereals and tubers,Wheat flour,58,KG,actual,Retail,XAF,947.01,1.67
TCD,2025-06-15,Mayo Kebbi Ouest,Mayo Binder,Binder,8408,9.96,14.47,cereals and tubers,Maize (white),67,KG,actual,Retail,XAF,210,0.37
TCD,2025-06-15,Mayo Kebbi Ouest,Mayo Binder,Binder,8408,9.96,14.47,cereals and tubers,Rice (imported),64,KG,actual,Retail,XAF,585.82,1.03
TCD,2025-06-15,Mayo Kebbi Ouest,Mayo Binder,Binder,8408,9.96,14.47,cereals and tubers,Wheat flour,58,KG,actual,Retail,XAF,869.55,1.53
TCD,2025-06-15,Mayo Kebbi Ouest,Mayo-Dallah,Pala,2288,9.37,14.91,cereals and tubers,Rice (imported),64,KG,actual,Retail,XAF,533.09,0.94
TCD,2025-06-15,Mayo Kebbi Ouest,Mayo-Dallah,Pala,2288,9.37,14.91,cereals and tubers,Wheat flour,58,KG,actual,Retail,XAF,878.9,1.55
TCD,2025-06-15,Moyen Chari,Barh-K h,Sarh,235,9.14,18.39,cereals and tubers,Maize (white),67,KG,actual,Retail,XAF,265.98,0.47
TCD,2025-06-15,Moyen Chari,Barh-K h,Sarh,235,9.14,18.39,cereals and tubers,Rice (imported),64,KG,actual,Retail,XAF,549.3,0.97
TCD,2025-06-15,Moyen Chari,Barh-K h,Sarh,235,9.14,18.39,cereals and tubers,Wheat flour,58,KG,actual,Retail,XAF,698.57,1.23
TCD,2025-06-15,Moyen Chari,Grande Sido,Danamadji,5618,8.75,18.55,cereals and tubers,Maize (white),67,KG,actual,Retail,XAF,224,0.39
TCD,2025-06-15,Moyen Chari,Grande Sido,Danamadji,5618,8.75,18.55,cereals and tubers,Rice (imported),64,KG,actual,Retail,XAF,562.91,0.99
TCD,2025-06-15,Moyen Chari,Grande Sido,Danamadji,5618,8.75,18.55,cereals and tubers,Wheat flour,58,KG,actual,Retail,XAF,528.78,0.93
TCD,2025-06-15,Moyen Chari,Grande Sido,Maro,2285,8.42,18.77,cereals and tubers,Maize (white),67,KG,actual,Retail,XAF,225.2,0.4
TCD,2025-06-15,Moyen Chari,Grande Sido,Maro,2285,8.42,18.77,cereals and tubers,Rice (imported),64,KG,actual,Retail,XAF,592.95,1.04
TCD,2025-06-15,Moyen Chari,Grande Sido,Maro,2285,8.42,18.77,cereals and tubers,Wheat flour,58,KG,actual,Retail,XAF,472.62,0.83
TCD,2025-06-15,Moyen Chari,Grande Sido,Sido,4471,8.25,18.71,cereals and tubers,Rice (imported),64,KG,actual,Retail,XAF,610.36,1.08
TCD,2025-06-15,Moyen Chari,Grande Sido,Sido,4471,8.25,18.71,cereals and tubers,Wheat flour,58,KG,actual,Retail,XAF,483.86,0.85
TCD,2025-06-15,Moyen Chari,Lac Iro,Kyabe,2281,9.45,18.94,cereals and tubers,Maize (white),67,KG,actual,Retail,XAF,240,0.42
TCD,2025-06-15,Moyen Chari,Lac Iro,Kyabe,2281,9.45,18.94,cereals and tubers,Rice (imported),64,KG,actual,Retail,XAF,555.18,0.98
TCD,2025-06-15,Moyen Chari,Lac Iro,Kyabe,2281,9.45,18.94,cereals and tubers,Wheat flour,58,KG,actual,Retail,XAF,576.98,1.02
TCD,2025-06-15,Ndjaména,Ndjamena,Dembe,11368,12.1,15.08,cereals and tubers,Maize (white),67,KG,actual,Retail,XAF,295.65,0.52
TCD,2025-06-15,Ndjaména,Ndjamena,Dembe,11368,12.1,15.08,cereals and tubers,Rice (imported),64,KG,actual,Retail,XAF,664.82,1.17
TCD,2025-06-15,Ndjaména,Ndjamena,Dembe,11368,12.1,15.08,cereals and tubers,Wheat flour,58,KG,actual,Retail,XAF,730.34,1.29
TCD,2025-06-15,Ndjaména,Ndjamena,N'djamena (Atrone),4515,12.09,15.13,cereals and tubers,Maize (white),67,KG,actual,Retail,XAF,288.26,0.51
TCD,2025-06-15,Ndjaména,Ndjamena,N'djamena (Atrone),4515,12.09,15.13,cereals and tubers,Wheat flour,58,KG,actual,Retail,XAF,710.68,1.25
TCD,2025-06-15,Ndjaména,Ndjamena,Ndjamena (Marche A Mil),4480,12.11,15.06,cereals and tubers,Maize (white),67,KG,actual,Retail,XAF,295.65,0.52
TCD,2025-06-15,Ndjaména,Ndjamena,Ndjamena (Marche A Mil),4480,12.11,15.06,cereals and tubers,Rice (imported),64,KG,actual,Retail,XAF,669.18,1.18
TCD,2025-06-15,Ndjaména,Ndjamena,Ndjamena (Marche A Mil),4480,12.11,15.06,cereals and tubers,Wheat flour,58,KG,actual,Retail,XAF,738.86,1.3
TCD,2025-06-15,Ouaddai,Assongha,Adre,4519,13.46,22.19,cereals and tubers,Rice (imported),64,KG,actual,Retail,XAF,1001.5,1.76
TCD,2025-06-15,Ouaddai,Assongha,Adre,4519,13.46,22.19,cereals and tubers,Wheat flour,58,KG,actual,Retail,XAF,1022.6,1.8
TCD,2025-06-15,Ouaddai,Ouara,Abeche,228,13.82,20.82,cereals and tubers,Maize (white),67,KG,actual,Retail,XAF,365,0.64
TCD,2025-06-15,Ouaddai,Ouara,Abeche,228,13.82,20.82,cereals and tubers,Rice (imported),64,KG,actual,Retail,XAF,846.09,1.49
TCD,2025-06-15,Ouaddai,Ouara,Abeche,228,13.82,20.82,cereals and tubers,Wheat flour,58,KG,actual,Retail,XAF,816.83,1.44
TCD,2025-06-15,Salamat,Aboudeia,Aboudeia,2286,11.45,19.28,cereals and tubers,Maize (white),67,KG,actual,Retail,XAF,416.23,0.73
TCD,2025-06-15,Salamat,Aboudeia,Aboudeia,2286,11.45,19.28,cereals and tubers,Rice (imported),64,KG,actual,Retail,XAF,796.27,1.4
TCD,2025-06-15,Salamat,Aboudeia,Aboudeia,2286,11.45,19.28,cereals and tubers,Wheat flour,58,KG,actual,Retail,XAF,833.46,1.47
TCD,2025-06-15,Salamat,Barh-Azoum,Am Timan,1962,11.04,20.28,cereals and tubers,Maize (white),67,KG,actual,Retail,XAF,414.5,0.73
TCD,2025-06-15,Salamat,Barh-Azoum,Am Timan,1962,11.04,20.28,cereals and tubers,Rice (imported),64,KG,actual,Retail,XAF,794.68,1.4
TCD,2025-06-15,Salamat,Barh-Azoum,Am Timan,1962,11.04,20.28,cereals and tubers,Wheat flour,58,KG,actual,Retail,XAF,768.41,1.35
TCD,2025-06-15,Sila,Kimiti,Goz Beida,2290,12.23,21.41,cereals and tubers,Rice (imported),64,KG,actual,Retail,XAF,965.32,1.7
TCD,2025-06-15,Sila,Kimiti,Goz Beida,2290,12.23,21.41,cereals and tubers,Wheat flour,58,KG,actual,Retail,XAF,884.95,1.56
TCD,2025-06-15,Tandjile,Tandjile-Centre,Bere,4508,9.31,16.15,cereals and tubers,Maize (white),67,KG,actual,Retail,XAF,252.68,0.45
TCD,2025-06-15,Tandjile,Tandjile-Centre,Bere,4508,9.31,16.15,cereals and tubers,Rice (imported),64,KG,actual,Retail,XAF,563.35,0.99
TCD,2025-06-15,Tandjile,Tandjile-Centre,Bere,4508,9.31,16.15,cereals and tubers,Wheat flour,58,KG,actual,Retail,XAF,857.61,1.51
TCD,2025-06-15,Tandjile,Tandjile-Est,Laï,2289,9.4,16.31,cereals and tubers,Maize (white),67,KG,actual,Retail,XAF,265.98,0.47
TCD,2025-06-15,Tandjile,Tandjile-Est,Laï,2289,9.4,16.31,cereals and tubers,Rice (imported),64,KG,actual,Retail,XAF,558.47,0.98
TCD,2025-06-15,Tandjile,Tandjile-Est,Laï,2289,9.4,16.31,cereals and tubers,Wheat flour,58,KG,actual,Retail,XAF,797.05,1.4
TCD,2025-06-15,Tandjile,Tandjile-Ouest,Kélo,1963,9.31,15.8,cereals and tubers,Maize (white),67,KG,actual,Retail,XAF,274.68,0.48
TCD,2025-06-15,Tandjile,Tandjile-Ouest,Kélo,1963,9.31,15.8,cereals and tubers,Rice (imported),64,KG,actual,Retail,XAF,567.43,1
TCD,2025-06-15,Tandjile,Tandjile-Ouest,Kélo,1963,9.31,15.8,cereals and tubers,Wheat flour,58,KG,actual,Retail,XAF,779.99,1.37
TCD,2025-06-15,Wadi Fira,Biltine,Biltine,2294,14.54,20.91,cereals and tubers,Rice (imported),64,KG,actual,Retail,XAF,818.36,1.44
TCD,2025-06-15,Wadi Fira,Biltine,Biltine,2294,14.54,20.91,cereals and tubers,Wheat flour,58,KG,actual,Retail,XAF,886.2,1.56
TCD,2025-06-15,Wadi Fira,Dar-Tama,Guereda,2713,14.52,22.09,cereals and tubers,Rice (imported),64,KG,actual,Retail,XAF,904.55,1.59
TCD,2025-06-15,Wadi Fira,Dar-Tama,Guereda,2713,14.52,22.09,cereals and tubers,Wheat flour,58,KG,actual,Retail,XAF,814.66,1.44
TCD,2025-06-15,Wadi Fira,Iriba,Iriba,2300,15.13,22.25,cereals and tubers,Rice (imported),64,KG,actual,Retail,XAF,1038.09,1.83
TCD,2025-06-15,Wadi Fira,Iriba,Iriba,2300,15.13,22.25,cereals and tubers,Wheat flour,58,KG,actual,Retail,XAF,859.32,1.51
TCD,2025-07-15,Barh El Gazal,Barh El Gazel Sud,Moussoro,233,13.64,16.49,cereals and tubers,Rice (imported),64,KG,actual,Retail,XAF,561.3,1
TCD,2025-07-15,Barh El Gazal,Barh El Gazel Sud,Moussoro,233,13.64,16.49,cereals and tubers,Wheat flour,58,KG,actual,Retail,XAF,828.26,1.47
TCD,2025-07-15,Batha,Batha-Est,Oumhadjer,5623,13.23,19.24,cereals and tubers,Maize (white),67,KG,actual,Retail,XAF,369.2,0.66
TCD,2025-07-15,Batha,Batha-Est,Oumhadjer,5623,13.23,19.24,cereals and tubers,Rice (imported),64,KG,actual,Retail,XAF,630.18,1.12
TCD,2025-07-15,Batha,Batha-Est,Oumhadjer,5623,13.23,19.24,cereals and tubers,Wheat flour,58,KG,actual,Retail,XAF,833.33,1.48
TCD,2025-07-15,Batha,Batha-Ouest,Ati,2279,13.21,18.33,cereals and tubers,Maize (white),67,KG,actual,Retail,XAF,304.03,0.54
TCD,2025-07-15,Batha,Batha-Ouest,Ati,2279,13.21,18.33,cereals and tubers,Rice (imported),64,KG,actual,Retail,XAF,575.42,1.02
TCD,2025-07-15,Batha,Fitri,Yao,2722,12.85,17.56,cereals and tubers,Maize (white),67,KG,actual,Retail,XAF,280.53,0.5
TCD,2025-07-15,Batha,Fitri,Yao,2722,12.85,17.56,cereals and tubers,Rice (imported),64,KG,actual,Retail,XAF,632.55,1.13
TCD,2025-07-15,Batha,Fitri,Yao,2722,12.85,17.56,cereals and tubers,Wheat flour,58,KG,actual,Retail,XAF,850.08,1.51
TCD,2025-07-15,Borkou,Borkou,Faya,4498,17.92,19.11,cereals and tubers,Rice (imported),64,KG,actual,Retail,XAF,1272.73,2.27
TCD,2025-07-15,Borkou,Borkou,Faya,4498,17.92,19.11,cereals and tubers,Wheat flour,58,KG,actual,Retail,XAF,906.45,1.61
TCD,2025-07-15,Chari Baguirmi,Baguirmi,Dourbali,4500,11.79,15.86,cereals and tubers,Maize (white),67,KG,actual,Retail,XAF,286.59,0.51
TCD,2025-07-15,Chari Baguirmi,Baguirmi,Dourbali,4500,11.79,15.86,cereals and tubers,Wheat flour,58,KG,actual,Retail,XAF,800.12,1.42
TCD,2025-07-15,Chari Baguirmi,Baguirmi,Massenya,2717,11.4,16.17,cereals and tubers,Maize (white),67,KG,actual,Retail,XAF,271.64,0.48
TCD,2025-07-15,Chari Baguirmi,Baguirmi,Massenya,2717,11.4,16.17,cereals and tubers,Rice (imported),64,KG,actual,Retail,XAF,475.01,0.85
TCD,2025-07-15,Chari Baguirmi,Baguirmi,Massenya,2717,11.4,16.17,cereals and tubers,Wheat flour,58,KG,actual,Retail,XAF,845,1.5
TCD,2025-07-15,Chari Baguirmi,Chari,Mandelia,2299,11.73,15.24,cereals and tubers,Maize (white),67,KG,actual,Retail,XAF,279.94,0.5
TCD,2025-07-15,Chari Baguirmi,Chari,Mandelia,2299,11.73,15.24,cereals and tubers,Rice (imported),64,KG,actual,Retail,XAF,479.71,0.85
TCD,2025-07-15,Chari Baguirmi,Chari,Mandelia,2299,11.73,15.24,cereals and tubers,Wheat flour,58,KG,actual,Retail,XAF,805.45,1.43
TCD,2025-07-15,Chari Baguirmi,Loug-Chari,Bousso,2287,10.48,16.71,cereals and tubers,Maize (white),67,KG,actual,Retail,XAF,268.72,0.48
TCD,2025-07-15,Chari Baguirmi,Loug-Chari,Bousso,2287,10.48,16.71,cereals and tubers,Rice (imported),64,KG,actual,Retail,XAF,646.81,1.15
TCD,2025-07-15,Chari Baguirmi,Loug-Chari,Bousso,2287,10.48,16.71,cereals and tubers,Wheat flour,58,KG,actual,Retail,XAF,841.94,1.5
TCD,2025-07-15,Ennedi Est,Amdjarass,Amdjarass,4517,16.17,22.83,cereals and tubers,Wheat flour,58,KG,actual,Retail,XAF,1028.11,1.83
TCD,2025-07-15,Ennedi Ouest,Fada,Fada,6104,17.18,21.58,cereals and tubers,Rice (imported),64,KG,actual,Retail,XAF,1172.73,2.09
TCD,2025-07-15,Guera,Abtouyour,Bitkine,2719,11.98,18.21,cereals and tubers,Maize (white),67,KG,actual,Retail,XAF,393.92,0.7
TCD,2025-07-15,Guera,Abtouyour,Bitkine,2719,11.98,18.21,cereals and tubers,Rice (imported),64,KG,actual,Retail,XAF,732.36,1.3
TCD,2025-07-15,Guera,Abtouyour,Bitkine,2719,11.98,18.21,cereals and tubers,Wheat flour,58,KG,actual,Retail,XAF,835.97,1.49
TCD,2025-07-15,Guera,Barh-Signaka,Melfi,2755,11.06,17.93,cereals and tubers,Rice (imported),64,KG,actual,Retail,XAF,805.45,1.43
TCD,2025-07-15,Guera,Barh-Signaka,Melfi,2755,11.06,17.93,cereals and tubers,Wheat flour,58,KG,actual,Retail,XAF,830.57,1.48
TCD,2025-07-15,Guera,Guera,Mongo,231,12.18,18.69,cereals and tubers,Maize (white),67,KG,actual,Retail,XAF,405.46,0.72
TCD,2025-07-15,Guera,Guera,Mongo,231,12.18,18.69,cereals and tubers,Rice (imported),64,KG,actual,Retail,XAF,748.55,1.33
TCD,2025-07-15,Guera,Guera,Mongo,231,12.18,18.69,cereals and tubers,Wheat flour,58,KG,actual,Retail,XAF,804.62,1.43
TCD,2025-07-15,Guera,Mangalma,Mangalme,2715,12.36,19.61,cereals and tubers,Maize (white),67,KG,actual,Retail,XAF,422.37,0.75
TCD,2025-07-15,Guera,Mangalma,Mangalme,2715,12.36,19.61,cereals and tubers,Rice (imported),64,KG,actual,Retail,XAF,795.09,1.42
TCD,2025-07-15,Guera,Mangalma,Mangalme,2715,12.36,19.61,cereals and tubers,Wheat flour,58,KG,actual,Retail,XAF,865.23,1.54
TCD,2025-07-15,Hadjer Lamis,Dababa,Bokoro,2296,12.38,17.06,cereals and tubers,Maize (white),67,KG,actual,Retail,XAF,369.42,0.66
TCD,2025-07-15,Hadjer Lamis,Dababa,Bokoro,2296,12.38,17.06,cereals and tubers,Rice (imported),64,KG,actual,Retail,XAF,596.89,1.06
TCD,2025-07-15,Hadjer Lamis,Dababa,Bokoro,2296,12.38,17.06,cereals and tubers,Wheat flour,58,KG,actual,Retail,XAF,789.47,1.41
TCD,2025-07-15,Hadjer Lamis,Dagana,Massakory,2295,13,15.73,cereals and tubers,Maize (white),67,KG,actual,Retail,XAF,372.8,0.66
TCD,2025-07-15,Hadjer Lamis,Dagana,Massakory,2295,13,15.73,cereals and tubers,Rice (imported),64,KG,actual,Retail,XAF,642.69,1.14
TCD,2025-07-15,Hadjer Lamis,Dagana,Massakory,2295,13,15.73,cereals and tubers,Wheat flour,58,KG,actual,Retail,XAF,838.71,1.49
TCD,2025-07-15,Hadjer Lamis,Haraze-Al-Biar,Massaguet,2716,12.48,15.44,cereals and tubers,Maize (white),67,KG,actual,Retail,XAF,387.83,0.69
TCD,2025-07-15,Hadjer Lamis,Haraze-Al-Biar,Massaguet,2716,12.48,15.44,cereals and tubers,Rice (imported),64,KG,actual,Retail,XAF,615.84,1.1
TCD,2025-07-15,Hadjer Lamis,Haraze-Al-Biar,Massaguet,2716,12.48,15.44,cereals and tubers,Wheat flour,58,KG,actual,Retail,XAF,787.73,1.4
TCD,2025-07-15,Kanem,Kanem,Mao,230,14.12,15.31,cereals and tubers,Maize (white),67,KG,actual,Retail,XAF,468.2,0.83
TCD,2025-07-15,Kanem,Kanem,Mao,230,14.12,15.31,cereals and tubers,Rice (imported),64,KG,actual,Retail,XAF,589.09,1.05
TCD,2025-07-15,Kanem,Kanem,Mao,230,14.12,15.31,cereals and tubers,Wheat flour,58,KG,actual,Retail,XAF,829.89,1.48
TCD,2025-07-15,Lac,Kaya,Bagassola,4514,13.55,14.3,cereals and tubers,Maize (white),67,KG,actual,Retail,XAF,414.94,0.74
TCD,2025-07-15,Lac,Kaya,Bagassola,4514,13.55,14.3,cereals and tubers,Wheat flour,58,KG,actual,Retail,XAF,796.86,1.42
TCD,2025-07-15,Lac,Mamdi,Bol,229,13.5,14.68,cereals and tubers,Maize (white),67,KG,actual,Retail,XAF,376.77,0.67
TCD,2025-07-15,Lac,Mamdi,Bol,229,13.5,14.68,cereals and tubers,Rice (imported),64,KG,actual,Retail,XAF,627.57,1.12
TCD,2025-07-15,Lac,Mamdi,Bol,229,13.5,14.68,cereals and tubers,Wheat flour,58,KG,actual,Retail,XAF,829.25,1.48
TCD,2025-07-15,Lac,Wayi,Ngouri,2297,13.64,15.37,cereals and tubers,Maize (white),67,KG,actual,Retail,XAF,418.51,0.74
TCD,2025-07-15,Lac,Wayi,Ngouri,2297,13.64,15.37,cereals and tubers,Rice (imported),64,KG,actual,Retail,XAF,627.57,1.12
TCD,2025-07-15,Lac,Wayi,Ngouri,2297,13.64,15.37,cereals and tubers,Wheat flour,58,KG,actual,Retail,XAF,778.86,1.39
TCD,2025-07-15,Logone Occidental,Dodje,Mbaïnamar,2298,8.67,15.38,cereals and tubers,Maize (white),67,KG,actual,Retail,XAF,220.7,0.39
TCD,2025-07-15,Logone Occidental,Dodje,Mbaïnamar,2298,8.67,15.38,cereals and tubers,Rice (imported),64,KG,actual,Retail,XAF,560.18,1
TCD,2025-07-15,Logone Occidental,Dodje,Mbaïnamar,2298,8.67,15.38,cereals and tubers,Wheat flour,58,KG,actual,Retail,XAF,817.43,1.45
TCD,2025-07-15,Logone Occidental,Gueni,Krim Krim,2714,8.97,15.8,cereals and tubers,Maize (white),67,KG,actual,Retail,XAF,234.16,0.42
TCD,2025-07-15,Logone Occidental,Gueni,Krim Krim,2714,8.97,15.8,cereals and tubers,Wheat flour,58,KG,actual,Retail,XAF,787.4,1.4
TCD,2025-07-15,Logone Occidental,Lac Wey,Moundou,232,8.57,16.08,cereals and tubers,Rice (imported),64,KG,actual,Retail,XAF,517.11,0.92
TCD,2025-07-15,Logone Occidental,Lac Wey,Moundou,232,8.57,16.08,cereals and tubers,Wheat flour,58,KG,actual,Retail,XAF,788.5,1.4
TCD,2025-07-15,Logone Occidental,Ngourkoussou,Benoye,2292,8.99,16.32,cereals and tubers,Maize (white),67,KG,actual,Retail,XAF,261.18,0.46
TCD,2025-07-15,Logone Occidental,Ngourkoussou,Benoye,2292,8.99,16.32,cereals and tubers,Rice (imported),64,KG,actual,Retail,XAF,554.81,0.99
TCD,2025-07-15,Logone Occidental,Ngourkoussou,Benoye,2292,8.99,16.32,cereals and tubers,Wheat flour,58,KG,actual,Retail,XAF,792.34,1.41
TCD,2025-07-15,Logone Oriental,Kouh-Est,Bodo,2710,8.29,17.14,cereals and tubers,Maize (white),67,KG,actual,Retail,XAF,239.65,0.43
TCD,2025-07-15,Logone Oriental,Kouh-Est,Bodo,2710,8.29,17.14,cereals and tubers,Wheat flour,58,KG,actual,Retail,XAF,784.58,1.4
TCD,2025-07-15,Logone Oriental,La Nya,Bebedja,2708,8.67,16.57,cereals and tubers,Rice (imported),64,KG,actual,Retail,XAF,502.55,0.89
TCD,2025-07-15,Logone Oriental,La Nya,Bebedja,2708,8.67,16.57,cereals and tubers,Wheat flour,58,KG,actual,Retail,XAF,760.64,1.35
TCD,2025-07-15,Logone Oriental,La Nya Pendm,Gore,236,7.92,16.63,cereals and tubers,Maize (white),67,KG,actual,Retail,XAF,264.84,0.47
TCD,2025-07-15,Logone Oriental,La Nya Pendm,Gore,236,7.92,16.63,cereals and tubers,Rice (imported),64,KG,actual,Retail,XAF,528,0.94
TCD,2025-07-15,Logone Oriental,La Nya Pendm,Gore,236,7.92,16.63,cereals and tubers,Wheat flour,58,KG,actual,Retail,XAF,774.47,1.38
TCD,2025-07-15,Logone Oriental,La Pend,Doba,2293,8.67,16.86,cereals and tubers,Maize (white),67,KG,actual,Retail,XAF,267.17,0.48
TCD,2025-07-15,Logone Oriental,La Pend,Doba,2293,8.67,16.86,cereals and tubers,Rice (imported),64,KG,actual,Retail,XAF,488.91,0.87
TCD,2025-07-15,Logone Oriental,La Pend,Doba,2293,8.67,16.86,cereals and tubers,Wheat flour,58,KG,actual,Retail,XAF,777.01,1.38
TCD,2025-07-15,Logone Oriental,Monts de Lam,Mbaïbokoum,2303,7.74,15.69,cereals and tubers,Rice (imported),64,KG,actual,Retail,XAF,523.82,0.93
TCD,2025-07-15,Logone Oriental,Monts de Lam,Mbaïbokoum,2303,7.74,15.69,cereals and tubers,Wheat flour,58,KG,actual,Retail,XAF,812.16,1.45
TCD,2025-07-15,Mandoul,Barh-Sara,Moissala,2283,8.34,17.76,cereals and tubers,Maize (white),67,KG,actual,Retail,XAF,275.91,0.49
TCD,2025-07-15,Mandoul,Barh-Sara,Moissala,2283,8.34,17.76,cereals and tubers,Rice (imported),64,KG,actual,Retail,XAF,512.65,0.91
TCD,2025-07-15,Mandoul,Mandoul Occidental,Bedjondo,4509,8.61,17.19,cereals and tubers,Maize (white),67,KG,actual,Retail,XAF,286.17,0.51
TCD,2025-07-15,Mandoul,Mandoul Occidental,Bedjondo,4509,8.61,17.19,cereals and tubers,Wheat flour,58,KG,actual,Retail,XAF,803.11,1.43
TCD,2025-07-15,Mandoul,Mandoul Occidental,Peni,2284,8.8,17.3,cereals and tubers,Maize (white),67,KG,actual,Retail,XAF,281.61,0.5
TCD,2025-07-15,Mandoul,Mandoul Occidental,Peni,2284,8.8,17.3,cereals and tubers,Rice (imported),64,KG,actual,Retail,XAF,518.86,0.92
TCD,2025-07-15,Mandoul,Mandoul Occidental,Peni,2284,8.8,17.3,cereals and tubers,Wheat flour,58,KG,actual,Retail,XAF,788.67,1.4
TCD,2025-07-15,Mandoul,Mandoul Oriental,Koumra,2282,8.92,17.55,cereals and tubers,Maize (white),67,KG,actual,Retail,XAF,286.64,0.51
TCD,2025-07-15,Mandoul,Mandoul Oriental,Koumra,2282,8.92,17.55,cereals and tubers,Rice (imported),64,KG,actual,Retail,XAF,485.82,0.86
TCD,2025-07-15,Mayo Kebbi Est,Kabia,Pont Karol,4473,9.59,15.49,cereals and tubers,Maize (white),67,KG,actual,Retail,XAF,276.41,0.49
TCD,2025-07-15,Mayo Kebbi Est,Kabia,Pont Karol,4473,9.59,15.49,cereals and tubers,Rice (imported),64,KG,actual,Retail,XAF,532.55,0.95
TCD,2025-07-15,Mayo Kebbi Est,Kabia,Pont Karol,4473,9.59,15.49,cereals and tubers,Wheat flour,58,KG,actual,Retail,XAF,856.71,1.52
TCD,2025-07-15,Mayo Kebbi Est,Mayo Boneye,Bongor,1964,10.28,15.39,cereals and tubers,Maize (white),67,KG,actual,Retail,XAF,288.76,0.51
TCD,2025-07-15,Mayo Kebbi Est,Mayo Boneye,Bongor,1964,10.28,15.39,cereals and tubers,Rice (imported),64,KG,actual,Retail,XAF,536.18,0.95
TCD,2025-07-15,Mayo Kebbi Est,Mayo Boneye,Bongor,1964,10.28,15.39,cereals and tubers,Wheat flour,58,KG,actual,Retail,XAF,908.77,1.62
TCD,2025-07-15,Mayo Kebbi Est,Mont Illi,Fianga,2711,9.92,15.12,cereals and tubers,Maize (white),67,KG,actual,Retail,XAF,303.66,0.54
TCD,2025-07-15,Mayo Kebbi Est,Mont Illi,Fianga,2711,9.92,15.12,cereals and tubers,Rice (imported),64,KG,actual,Retail,XAF,574,1.02
TCD,2025-07-15,Mayo Kebbi Est,Mont Illi,Fianga,2711,9.92,15.12,cereals and tubers,Wheat flour,58,KG,actual,Retail,XAF,837.54,1.49
TCD,2025-07-15,Mayo Kebbi Ouest,Lac-LBrn,Lere,2721,9.66,14.22,cereals and tubers,Maize (white),67,KG,actual,Retail,XAF,257.32,0.46
TCD,2025-07-15,Mayo Kebbi Ouest,Lac-LBrn,Lere,2721,9.66,14.22,cereals and tubers,Rice (imported),64,KG,actual,Retail,XAF,567.74,1.01
TCD,2025-07-15,Mayo Kebbi Ouest,Lac-LBrn,Lere,2721,9.66,14.22,cereals and tubers,Wheat flour,58,KG,actual,Retail,XAF,931.62,1.66
TCD,2025-07-15,Mayo Kebbi Ouest,Mayo Binder,Binder,8408,9.96,14.47,cereals and tubers,Maize (white),67,KG,actual,Retail,XAF,252.31,0.45
TCD,2025-07-15,Mayo Kebbi Ouest,Mayo Binder,Binder,8408,9.96,14.47,cereals and tubers,Rice (imported),64,KG,actual,Retail,XAF,579.6,1.03
TCD,2025-07-15,Mayo Kebbi Ouest,Mayo Binder,Binder,8408,9.96,14.47,cereals and tubers,Wheat flour,58,KG,actual,Retail,XAF,871.44,1.55
TCD,2025-07-15,Mayo Kebbi Ouest,Mayo-Dallah,Pala,2288,9.37,14.91,cereals and tubers,Rice (imported),64,KG,actual,Retail,XAF,539.92,0.96
TCD,2025-07-15,Mayo Kebbi Ouest,Mayo-Dallah,Pala,2288,9.37,14.91,cereals and tubers,Wheat flour,58,KG,actual,Retail,XAF,864.49,1.54
TCD,2025-07-15,Moyen Chari,Barh-K h,Sarh,235,9.14,18.39,cereals and tubers,Maize (white),67,KG,actual,Retail,XAF,305.66,0.54
TCD,2025-07-15,Moyen Chari,Barh-K h,Sarh,235,9.14,18.39,cereals and tubers,Rice (imported),64,KG,actual,Retail,XAF,523.46,0.93
TCD,2025-07-15,Moyen Chari,Barh-K h,Sarh,235,9.14,18.39,cereals and tubers,Wheat flour,58,KG,actual,Retail,XAF,694.75,1.24
TCD,2025-07-15,Moyen Chari,Grande Sido,Danamadji,5618,8.75,18.55,cereals and tubers,Maize (white),67,KG,actual,Retail,XAF,301.06,0.54
TCD,2025-07-15,Moyen Chari,Grande Sido,Danamadji,5618,8.75,18.55,cereals and tubers,Rice (imported),64,KG,actual,Retail,XAF,560.73,1
TCD,2025-07-15,Moyen Chari,Grande Sido,Danamadji,5618,8.75,18.55,cereals and tubers,Wheat flour,58,KG,actual,Retail,XAF,577.91,1.03
TCD,2025-07-15,Moyen Chari,Grande Sido,Maro,2285,8.42,18.77,cereals and tubers,Maize (white),67,KG,actual,Retail,XAF,274.2,0.49
TCD,2025-07-15,Moyen Chari,Grande Sido,Maro,2285,8.42,18.77,cereals and tubers,Rice (imported),64,KG,actual,Retail,XAF,579.27,1.03
TCD,2025-07-15,Moyen Chari,Grande Sido,Maro,2285,8.42,18.77,cereals and tubers,Wheat flour,58,KG,actual,Retail,XAF,517.81,0.92
TCD,2025-07-15,Moyen Chari,Grande Sido,Sido,4471,8.25,18.71,cereals and tubers,Maize (white),67,KG,actual,Retail,XAF,283.57,0.5
TCD,2025-07-15,Moyen Chari,Grande Sido,Sido,4471,8.25,18.71,cereals and tubers,Rice (imported),64,KG,actual,Retail,XAF,594.91,1.06
TCD,2025-07-15,Moyen Chari,Grande Sido,Sido,4471,8.25,18.71,cereals and tubers,Wheat flour,58,KG,actual,Retail,XAF,529.83,0.94
TCD,2025-07-15,Moyen Chari,Lac Iro,Kyabe,2281,9.45,18.94,cereals and tubers,Maize (white),67,KG,actual,Retail,XAF,271.5,0.48
TCD,2025-07-15,Moyen Chari,Lac Iro,Kyabe,2281,9.45,18.94,cereals and tubers,Rice (imported),64,KG,actual,Retail,XAF,581.82,1.04
TCD,2025-07-15,Ndjaména,Ndjamena,Dembe,11368,12.1,15.08,cereals and tubers,Maize (white),67,KG,actual,Retail,XAF,348.48,0.62
TCD,2025-07-15,Ndjaména,Ndjamena,Dembe,11368,12.1,15.08,cereals and tubers,Rice (imported),64,KG,actual,Retail,XAF,672,1.2
TCD,2025-07-15,Ndjaména,Ndjamena,Dembe,11368,12.1,15.08,cereals and tubers,Wheat flour,58,KG,actual,Retail,XAF,720.34,1.28
TCD,2025-07-15,Ndjaména,Ndjamena,N'djamena (Atrone),4515,12.09,15.13,cereals and tubers,Maize (white),67,KG,actual,Retail,XAF,345.19,0.61
TCD,2025-07-15,Ndjaména,Ndjamena,N'djamena (Atrone),4515,12.09,15.13,cereals and tubers,Wheat flour,58,KG,actual,Retail,XAF,716.36,1.28
TCD,2025-07-15,Ndjaména,Ndjamena,Ndjamena (Marche A Mil),4480,12.11,15.06,cereals and tubers,Maize (white),67,KG,actual,Retail,XAF,345.83,0.62
TCD,2025-07-15,Ndjaména,Ndjamena,Ndjamena (Marche A Mil),4480,12.11,15.06,cereals and tubers,Rice (imported),64,KG,actual,Retail,XAF,724.73,1.29
TCD,2025-07-15,Ndjaména,Ndjamena,Ndjamena (Marche A Mil),4480,12.11,15.06,cereals and tubers,Wheat flour,58,KG,actual,Retail,XAF,736.44,1.31
TCD,2025-07-15,Ouaddai,Assongha,Adre,4519,13.46,22.19,cereals and tubers,Rice (imported),64,KG,actual,Retail,XAF,1000,1.78
TCD,2025-07-15,Ouaddai,Assongha,Adre,4519,13.46,22.19,cereals and tubers,Wheat flour,58,KG,actual,Retail,XAF,1020.16,1.82
TCD,2025-07-15,Ouaddai,Ouara,Abeche,228,13.82,20.82,cereals and tubers,Maize (white),67,KG,actual,Retail,XAF,382.27,0.68
TCD,2025-07-15,Ouaddai,Ouara,Abeche,228,13.82,20.82,cereals and tubers,Wheat flour,58,KG,actual,Retail,XAF,837.37,1.49
TCD,2025-07-15,Salamat,Aboudeia,Aboudeia,2286,11.45,19.28,cereals and tubers,Maize (white),67,KG,actual,Retail,XAF,369.26,0.66
TCD,2025-07-15,Salamat,Aboudeia,Aboudeia,2286,11.45,19.28,cereals and tubers,Rice (imported),64,KG,actual,Retail,XAF,763.45,1.36
TCD,2025-07-15,Salamat,Barh-Azoum,Am Timan,1962,11.04,20.28,cereals and tubers,Maize (white),67,KG,actual,Retail,XAF,372.15,0.66
TCD,2025-07-15,Salamat,Barh-Azoum,Am Timan,1962,11.04,20.28,cereals and tubers,Rice (imported),64,KG,actual,Retail,XAF,792.55,1.41
TCD,2025-07-15,Salamat,Barh-Azoum,Am Timan,1962,11.04,20.28,cereals and tubers,Wheat flour,58,KG,actual,Retail,XAF,793.26,1.41
TCD,2025-07-15,Sila,Kimiti,Goz Beida,2290,12.23,21.41,cereals and tubers,Maize (white),67,KG,actual,Retail,XAF,329.23,0.59
TCD,2025-07-15,Sila,Kimiti,Goz Beida,2290,12.23,21.41,cereals and tubers,Rice (imported),64,KG,actual,Retail,XAF,943.64,1.68
TCD,2025-07-15,Sila,Kimiti,Goz Beida,2290,12.23,21.41,cereals and tubers,Wheat flour,58,KG,actual,Retail,XAF,884.09,1.57
TCD,2025-07-15,Tandjile,Tandjile-Centre,Bere,4508,9.31,16.15,cereals and tubers,Maize (white),67,KG,actual,Retail,XAF,279.88,0.5
TCD,2025-07-15,Tandjile,Tandjile-Centre,Bere,4508,9.31,16.15,cereals and tubers,Rice (imported),64,KG,actual,Retail,XAF,560.36,1
TCD,2025-07-15,Tandjile,Tandjile-Centre,Bere,4508,9.31,16.15,cereals and tubers,Wheat flour,58,KG,actual,Retail,XAF,886.23,1.58
TCD,2025-07-15,Tandjile,Tandjile-Est,Laï,2289,9.4,16.31,cereals and tubers,Maize (white),67,KG,actual,Retail,XAF,294.96,0.53
TCD,2025-07-15,Tandjile,Tandjile-Est,Laï,2289,9.4,16.31,cereals and tubers,Rice (imported),64,KG,actual,Retail,XAF,534.55,0.95
TCD,2025-07-15,Tandjile,Tandjile-Est,Laï,2289,9.4,16.31,cereals and tubers,Wheat flour,58,KG,actual,Retail,XAF,826.87,1.47
TCD,2025-07-15,Tandjile,Tandjile-Ouest,Kélo,1963,9.31,15.8,cereals and tubers,Maize (white),67,KG,actual,Retail,XAF,288.93,0.51
TCD,2025-07-15,Tandjile,Tandjile-Ouest,Kélo,1963,9.31,15.8,cereals and tubers,Rice (imported),64,KG,actual,Retail,XAF,566.83,1.01
TCD,2025-07-15,Tandjile,Tandjile-Ouest,Kélo,1963,9.31,15.8,cereals and tubers,Wheat flour,58,KG,actual,Retail,XAF,810.51,1.44
TCD,2025-07-15,Wadi Fira,Biltine,Biltine,2294,14.54,20.91,cereals and tubers,Wheat flour,58,KG,actual,Retail,XAF,894.2,1.59
TCD,2025-07-15,Wadi Fira,Dar-Tama,Guereda,2713,14.52,22.09,cereals and tubers,Rice (imported),64,KG,actual,Retail,XAF,909.09,1.62
TCD,2025-07-15,Wadi Fira,Dar-Tama,Guereda,2713,14.52,22.09,cereals and tubers,Wheat flour,58,KG,actual,Retail,XAF,794.59,1.41
TCD,2025-07-15,Wadi Fira,Iriba,Iriba,2300,15.13,22.25,cereals and tubers,Rice (imported),64,KG,actual,Retail,XAF,1018.18,1.81
TCD,2025-07-15,Wadi Fira,Iriba,Iriba,2300,15.13,22.25,cereals and tubers,Wheat flour,58,KG,actual,Retail,XAF,838.71,1.49
TCD,2025-08-15,Barh El Gazal,Barh El Gazel Sud,Moussoro,233,13.64,16.49,cereals and tubers,Rice (imported),64,KG,actual,Retail,XAF,782.5,1.37
TCD,2025-08-15,Barh El Gazal,Barh El Gazel Sud,Moussoro,233,13.64,16.49,cereals and tubers,Wheat flour,58,KG,actual,Retail,XAF,842.41,1.48
TCD,2025-08-15,Batha,Batha-Est,Oumhadjer,5623,13.23,19.24,cereals and tubers,Maize (white),67,KG,actual,Retail,XAF,338.28,0.59
TCD,2025-08-15,Batha,Batha-Est,Oumhadjer,5623,13.23,19.24,cereals and tubers,Rice (imported),64,KG,actual,Retail,XAF,688,1.21
TCD,2025-08-15,Batha,Batha-Est,Oumhadjer,5623,13.23,19.24,cereals and tubers,Wheat flour,58,KG,actual,Retail,XAF,831.82,1.46
TCD,2025-08-15,Batha,Batha-Ouest,Ati,2279,13.21,18.33,cereals and tubers,Maize (white),67,KG,actual,Retail,XAF,307.98,0.54
TCD,2025-08-15,Batha,Batha-Ouest,Ati,2279,13.21,18.33,cereals and tubers,Rice (imported),64,KG,actual,Retail,XAF,606.54,1.07
TCD,2025-08-15,Batha,Fitri,Yao,2722,12.85,17.56,cereals and tubers,Rice (imported),64,KG,actual,Retail,XAF,732.46,1.29
TCD,2025-08-15,Batha,Fitri,Yao,2722,12.85,17.56,cereals and tubers,Wheat flour,58,KG,actual,Retail,XAF,850.95,1.49
TCD,2025-08-15,Borkou,Borkou,Faya,4498,17.92,19.11,cereals and tubers,Rice (imported),64,KG,actual,Retail,XAF,1272.73,2.23
TCD,2025-08-15,Borkou,Borkou,Faya,4498,17.92,19.11,cereals and tubers,Wheat flour,58,KG,actual,Retail,XAF,967.31,1.7
TCD,2025-08-15,Chari Baguirmi,Baguirmi,Dourbali,4500,11.79,15.86,cereals and tubers,Maize (white),67,KG,actual,Retail,XAF,304.13,0.53
TCD,2025-08-15,Chari Baguirmi,Baguirmi,Dourbali,4500,11.79,15.86,cereals and tubers,Rice (imported),64,KG,actual,Retail,XAF,628.83,1.1
TCD,2025-08-15,Chari Baguirmi,Baguirmi,Dourbali,4500,11.79,15.86,cereals and tubers,Wheat flour,58,KG,actual,Retail,XAF,796.16,1.4
TCD,2025-08-15,Chari Baguirmi,Baguirmi,Massenya,2717,11.4,16.17,cereals and tubers,Maize (white),67,KG,actual,Retail,XAF,285.35,0.5
TCD,2025-08-15,Chari Baguirmi,Baguirmi,Massenya,2717,11.4,16.17,cereals and tubers,Rice (imported),64,KG,actual,Retail,XAF,616,1.08
TCD,2025-08-15,Chari Baguirmi,Baguirmi,Massenya,2717,11.4,16.17,cereals and tubers,Wheat flour,58,KG,actual,Retail,XAF,840.27,1.48
TCD,2025-08-15,Chari Baguirmi,Chari,Mandelia,2299,11.73,15.24,cereals and tubers,Maize (white),67,KG,actual,Retail,XAF,314.3,0.55
TCD,2025-08-15,Chari Baguirmi,Chari,Mandelia,2299,11.73,15.24,cereals and tubers,Rice (imported),64,KG,actual,Retail,XAF,615.33,1.08
TCD,2025-08-15,Chari Baguirmi,Chari,Mandelia,2299,11.73,15.24,cereals and tubers,Wheat flour,58,KG,actual,Retail,XAF,783.42,1.38
TCD,2025-08-15,Chari Baguirmi,Loug-Chari,Bousso,2287,10.48,16.71,cereals and tubers,Maize (white),67,KG,actual,Retail,XAF,273.2,0.48
TCD,2025-08-15,Chari Baguirmi,Loug-Chari,Bousso,2287,10.48,16.71,cereals and tubers,Rice (imported),64,KG,actual,Retail,XAF,722.74,1.27
TCD,2025-08-15,Chari Baguirmi,Loug-Chari,Bousso,2287,10.48,16.71,cereals and tubers,Wheat flour,58,KG,actual,Retail,XAF,852.16,1.5
TCD,2025-08-15,Ennedi Est,Amdjarass,Amdjarass,4517,16.17,22.83,cereals and tubers,Rice (imported),64,KG,actual,Retail,XAF,1057.15,1.86
TCD,2025-08-15,Ennedi Est,Amdjarass,Amdjarass,4517,16.17,22.83,cereals and tubers,Wheat flour,58,KG,actual,Retail,XAF,1057.77,1.86
TCD,2025-08-15,Ennedi Ouest,Fada,Fada,6104,17.18,21.58,cereals and tubers,Rice (imported),64,KG,actual,Retail,XAF,1172.73,2.06
TCD,2025-08-15,Ennedi Ouest,Fada,Fada,6104,17.18,21.58,cereals and tubers,Wheat flour,58,KG,actual,Retail,XAF,1080.5,1.9
TCD,2025-08-15,Guera,Abtouyour,Bitkine,2719,11.98,18.21,cereals and tubers,Maize (white),67,KG,actual,Retail,XAF,399.8,0.7
TCD,2025-08-15,Guera,Abtouyour,Bitkine,2719,11.98,18.21,cereals and tubers,Rice (imported),64,KG,actual,Retail,XAF,769.44,1.35
TCD,2025-08-15,Guera,Abtouyour,Bitkine,2719,11.98,18.21,cereals and tubers,Wheat flour,58,KG,actual,Retail,XAF,848.29,1.49
TCD,2025-08-15,Guera,Barh-Signaka,Melfi,2755,11.06,17.93,cereals and tubers,Rice (imported),64,KG,actual,Retail,XAF,838.5,1.47
TCD,2025-08-15,Guera,Barh-Signaka,Melfi,2755,11.06,17.93,cereals and tubers,Wheat flour,58,KG,actual,Retail,XAF,836.25,1.47
TCD,2025-08-15,Guera,Guera,Mongo,231,12.18,18.69,cereals and tubers,Maize (white),67,KG,actual,Retail,XAF,406,0.71
TCD,2025-08-15,Guera,Guera,Mongo,231,12.18,18.69,cereals and tubers,Rice (imported),64,KG,actual,Retail,XAF,803.5,1.41
TCD,2025-08-15,Guera,Guera,Mongo,231,12.18,18.69,cereals and tubers,Wheat flour,58,KG,actual,Retail,XAF,805.5,1.41
TCD,2025-08-15,Guera,Mangalma,Mangalme,2715,12.36,19.61,cereals and tubers,Maize (white),67,KG,actual,Retail,XAF,422.8,0.74
TCD,2025-08-15,Guera,Mangalma,Mangalme,2715,12.36,19.61,cereals and tubers,Rice (imported),64,KG,actual,Retail,XAF,798.5,1.4
TCD,2025-08-15,Guera,Mangalma,Mangalme,2715,12.36,19.61,cereals and tubers,Wheat flour,58,KG,actual,Retail,XAF,875.95,1.54
TCD,2025-08-15,Hadjer Lamis,Dababa,Bokoro,2296,12.38,17.06,cereals and tubers,Maize (white),67,KG,actual,Retail,XAF,349.7,0.61
TCD,2025-08-15,Hadjer Lamis,Dababa,Bokoro,2296,12.38,17.06,cereals and tubers,Rice (imported),64,KG,actual,Retail,XAF,666.76,1.17
TCD,2025-08-15,Hadjer Lamis,Dababa,Bokoro,2296,12.38,17.06,cereals and tubers,Wheat flour,58,KG,actual,Retail,XAF,805.5,1.41
TCD,2025-08-15,Hadjer Lamis,Dagana,Massakory,2295,13,15.73,cereals and tubers,Maize (white),67,KG,actual,Retail,XAF,348,0.61
TCD,2025-08-15,Hadjer Lamis,Dagana,Massakory,2295,13,15.73,cereals and tubers,Rice (imported),64,KG,actual,Retail,XAF,682.52,1.2
TCD,2025-08-15,Hadjer Lamis,Dagana,Massakory,2295,13,15.73,cereals and tubers,Wheat flour,58,KG,actual,Retail,XAF,835.05,1.47
TCD,2025-08-15,Hadjer Lamis,Haraze-Al-Biar,Massaguet,2716,12.48,15.44,cereals and tubers,Maize (white),67,KG,actual,Retail,XAF,369.4,0.65
TCD,2025-08-15,Hadjer Lamis,Haraze-Al-Biar,Massaguet,2716,12.48,15.44,cereals and tubers,Rice (imported),64,KG,actual,Retail,XAF,646.23,1.13
TCD,2025-08-15,Hadjer Lamis,Haraze-Al-Biar,Massaguet,2716,12.48,15.44,cereals and tubers,Wheat flour,58,KG,actual,Retail,XAF,802.36,1.41
TCD,2025-08-15,Kanem,Kanem,Mao,230,14.12,15.31,cereals and tubers,Maize (white),67,KG,actual,Retail,XAF,455.8,0.8
TCD,2025-08-15,Kanem,Kanem,Mao,230,14.12,15.31,cereals and tubers,Rice (imported),64,KG,actual,Retail,XAF,762.5,1.34
TCD,2025-08-15,Kanem,Kanem,Mao,230,14.12,15.31,cereals and tubers,Wheat flour,58,KG,actual,Retail,XAF,838.84,1.47
TCD,2025-08-15,Lac,Kaya,Bagassola,4514,13.55,14.3,cereals and tubers,Maize (white),67,KG,actual,Retail,XAF,422.21,0.74
TCD,2025-08-15,Lac,Kaya,Bagassola,4514,13.55,14.3,cereals and tubers,Rice (imported),64,KG,actual,Retail,XAF,806.5,1.42
TCD,2025-08-15,Lac,Kaya,Bagassola,4514,13.55,14.3,cereals and tubers,Wheat flour,58,KG,actual,Retail,XAF,800.84,1.41
TCD,2025-08-15,Lac,Mamdi,Bol,229,13.5,14.68,cereals and tubers,Maize (white),67,KG,actual,Retail,XAF,377.9,0.66
TCD,2025-08-15,Lac,Mamdi,Bol,229,13.5,14.68,cereals and tubers,Rice (imported),64,KG,actual,Retail,XAF,718.31,1.26
TCD,2025-08-15,Lac,Mamdi,Bol,229,13.5,14.68,cereals and tubers,Wheat flour,58,KG,actual,Retail,XAF,846.65,1.49
TCD,2025-08-15,Lac,Wayi,Ngouri,2297,13.64,15.37,cereals and tubers,Maize (white),67,KG,actual,Retail,XAF,423.71,0.74
TCD,2025-08-15,Lac,Wayi,Ngouri,2297,13.64,15.37,cereals and tubers,Rice (imported),64,KG,actual,Retail,XAF,715.81,1.26
TCD,2025-08-15,Lac,Wayi,Ngouri,2297,13.64,15.37,cereals and tubers,Wheat flour,58,KG,actual,Retail,XAF,778.68,1.37
TCD,2025-08-15,Logone Occidental,Dodje,Mbaïnamar,2298,8.67,15.38,cereals and tubers,Maize (white),67,KG,actual,Retail,XAF,200.49,0.35
TCD,2025-08-15,Logone Occidental,Dodje,Mbaïnamar,2298,8.67,15.38,cereals and tubers,Rice (imported),64,KG,actual,Retail,XAF,591.5,1.04
TCD,2025-08-15,Logone Occidental,Dodje,Mbaïnamar,2298,8.67,15.38,cereals and tubers,Wheat flour,58,KG,actual,Retail,XAF,757.53,1.33
TCD,2025-08-15,Logone Occidental,Gueni,Krim Krim,2714,8.97,15.8,cereals and tubers,Maize (white),67,KG,actual,Retail,XAF,177.88,0.31
TCD,2025-08-15,Logone Occidental,Gueni,Krim Krim,2714,8.97,15.8,cereals and tubers,Wheat flour,58,KG,actual,Retail,XAF,643.04,1.13
TCD,2025-08-15,Logone Occidental,Lac Wey,Moundou,232,8.57,16.08,cereals and tubers,Rice (imported),64,KG,actual,Retail,XAF,540.85,0.95
TCD,2025-08-15,Logone Occidental,Lac Wey,Moundou,232,8.57,16.08,cereals and tubers,Wheat flour,58,KG,actual,Retail,XAF,714.37,1.25
TCD,2025-08-15,Logone Occidental,Ngourkoussou,Benoye,2292,8.99,16.32,cereals and tubers,Maize (white),67,KG,actual,Retail,XAF,182.8,0.32
TCD,2025-08-15,Logone Occidental,Ngourkoussou,Benoye,2292,8.99,16.32,cereals and tubers,Rice (imported),64,KG,actual,Retail,XAF,608,1.07
TCD,2025-08-15,Logone Occidental,Ngourkoussou,Benoye,2292,8.99,16.32,cereals and tubers,Wheat flour,58,KG,actual,Retail,XAF,723.35,1.27
TCD,2025-08-15,Logone Oriental,Kouh-Est,Bodo,2710,8.29,17.14,cereals and tubers,Maize (white),67,KG,actual,Retail,XAF,174.27,0.31
TCD,2025-08-15,Logone Oriental,Kouh-Est,Bodo,2710,8.29,17.14,cereals and tubers,Wheat flour,58,KG,actual,Retail,XAF,690.89,1.21
TCD,2025-08-15,Logone Oriental,La Nya,Bebedja,2708,8.67,16.57,cereals and tubers,Maize (white),67,KG,actual,Retail,XAF,161.08,0.28
TCD,2025-08-15,Logone Oriental,La Nya,Bebedja,2708,8.67,16.57,cereals and tubers,Rice (imported),64,KG,actual,Retail,XAF,576.5,1.01
TCD,2025-08-15,Logone Oriental,La Nya,Bebedja,2708,8.67,16.57,cereals and tubers,Wheat flour,58,KG,actual,Retail,XAF,638.09,1.12
TCD,2025-08-15,Logone Oriental,La Nya Pendm,Gore,236,7.92,16.63,cereals and tubers,Maize (white),67,KG,actual,Retail,XAF,201.57,0.35
TCD,2025-08-15,Logone Oriental,La Nya Pendm,Gore,236,7.92,16.63,cereals and tubers,Rice (imported),64,KG,actual,Retail,XAF,566.44,0.99
TCD,2025-08-15,Logone Oriental,La Nya Pendm,Gore,236,7.92,16.63,cereals and tubers,Wheat flour,58,KG,actual,Retail,XAF,712.71,1.25
TCD,2025-08-15,Logone Oriental,La Pend,Doba,2293,8.67,16.86,cereals and tubers,Maize (white),67,KG,actual,Retail,XAF,200.94,0.35
TCD,2025-08-15,Logone Oriental,La Pend,Doba,2293,8.67,16.86,cereals and tubers,Rice (imported),64,KG,actual,Retail,XAF,501.3,0.88
TCD,2025-08-15,Logone Oriental,La Pend,Doba,2293,8.67,16.86,cereals and tubers,Wheat flour,58,KG,actual,Retail,XAF,726.64,1.28
TCD,2025-08-15,Logone Oriental,Monts de Lam,Mbaïbokoum,2303,7.74,15.69,cereals and tubers,Maize (white),67,KG,actual,Retail,XAF,181.39,0.32
TCD,2025-08-15,Logone Oriental,Monts de Lam,Mbaïbokoum,2303,7.74,15.69,cereals and tubers,Rice (imported),64,KG,actual,Retail,XAF,572.73,1.01
TCD,2025-08-15,Logone Oriental,Monts de Lam,Mbaïbokoum,2303,7.74,15.69,cereals and tubers,Wheat flour,58,KG,actual,Retail,XAF,682.39,1.2
TCD,2025-08-15,Mandoul,Barh-Sara,Moissala,2283,8.34,17.76,cereals and tubers,Maize (white),67,KG,actual,Retail,XAF,214.23,0.38
TCD,2025-08-15,Mandoul,Barh-Sara,Moissala,2283,8.34,17.76,cereals and tubers,Rice (imported),64,KG,actual,Retail,XAF,544.93,0.96
TCD,2025-08-15,Mandoul,Barh-Sara,Moissala,2283,8.34,17.76,cereals and tubers,Wheat flour,58,KG,actual,Retail,XAF,787.67,1.38
TCD,2025-08-15,Mandoul,Mandoul Occidental,Bedjondo,4509,8.61,17.19,cereals and tubers,Maize (white),67,KG,actual,Retail,XAF,216.05,0.38
TCD,2025-08-15,Mandoul,Mandoul Occidental,Bedjondo,4509,8.61,17.19,cereals and tubers,Wheat flour,58,KG,actual,Retail,XAF,744.36,1.31
TCD,2025-08-15,Mandoul,Mandoul Occidental,Peni,2284,8.8,17.3,cereals and tubers,Maize (white),67,KG,actual,Retail,XAF,208.25,0.37
TCD,2025-08-15,Mandoul,Mandoul Occidental,Peni,2284,8.8,17.3,cereals and tubers,Rice (imported),64,KG,actual,Retail,XAF,562.09,0.99
TCD,2025-08-15,Mandoul,Mandoul Occidental,Peni,2284,8.8,17.3,cereals and tubers,Wheat flour,58,KG,actual,Retail,XAF,770.67,1.35
TCD,2025-08-15,Mandoul,Mandoul Oriental,Koumra,2282,8.92,17.55,cereals and tubers,Maize (white),67,KG,actual,Retail,XAF,227.47,0.4
TCD,2025-08-15,Mandoul,Mandoul Oriental,Koumra,2282,8.92,17.55,cereals and tubers,Rice (imported),64,KG,actual,Retail,XAF,555.79,0.98
TCD,2025-08-15,Mayo Kebbi Est,Kabia,Pont Karol,4473,9.59,15.49,cereals and tubers,Maize (white),67,KG,actual,Retail,XAF,227.03,0.4
TCD,2025-08-15,Mayo Kebbi Est,Kabia,Pont Karol,4473,9.59,15.49,cereals and tubers,Rice (imported),64,KG,actual,Retail,XAF,575.82,1.01
TCD,2025-08-15,Mayo Kebbi Est,Kabia,Pont Karol,4473,9.59,15.49,cereals and tubers,Wheat flour,58,KG,actual,Retail,XAF,853.43,1.5
TCD,2025-08-15,Mayo Kebbi Est,Mayo Boneye,Bongor,1964,10.28,15.39,cereals and tubers,Maize (white),67,KG,actual,Retail,XAF,245.44,0.43
TCD,2025-08-15,Mayo Kebbi Est,Mayo Boneye,Bongor,1964,10.28,15.39,cereals and tubers,Rice (imported),64,KG,actual,Retail,XAF,624.95,1.1
TCD,2025-08-15,Mayo Kebbi Est,Mayo Boneye,Bongor,1964,10.28,15.39,cereals and tubers,Wheat flour,58,KG,actual,Retail,XAF,847,1.49
TCD,2025-08-15,Mayo Kebbi Est,Mont Illi,Fianga,2711,9.92,15.12,cereals and tubers,Maize (white),67,KG,actual,Retail,XAF,246.58,0.43
TCD,2025-08-15,Mayo Kebbi Est,Mont Illi,Fianga,2711,9.92,15.12,cereals and tubers,Wheat flour,58,KG,actual,Retail,XAF,862.67,1.51
TCD,2025-08-15,Mayo Kebbi Ouest,Lac-LBrn,Lere,2721,9.66,14.22,cereals and tubers,Maize (white),67,KG,actual,Retail,XAF,223.35,0.39
TCD,2025-08-15,Mayo Kebbi Ouest,Lac-LBrn,Lere,2721,9.66,14.22,cereals and tubers,Rice (imported),64,KG,actual,Retail,XAF,588.5,1.03
TCD,2025-08-15,Mayo Kebbi Ouest,Lac-LBrn,Lere,2721,9.66,14.22,cereals and tubers,Wheat flour,58,KG,actual,Retail,XAF,779.94,1.37
TCD,2025-08-15,Mayo Kebbi Ouest,Mayo Binder,Binder,8408,9.96,14.47,cereals and tubers,Maize (white),67,KG,actual,Retail,XAF,214.41,0.38
TCD,2025-08-15,Mayo Kebbi Ouest,Mayo Binder,Binder,8408,9.96,14.47,cereals and tubers,Rice (imported),64,KG,actual,Retail,XAF,623.99,1.1
TCD,2025-08-15,Mayo Kebbi Ouest,Mayo Binder,Binder,8408,9.96,14.47,cereals and tubers,Wheat flour,58,KG,actual,Retail,XAF,748.74,1.31
TCD,2025-08-15,Mayo Kebbi Ouest,Mayo-Dallah,Pala,2288,9.37,14.91,cereals and tubers,Maize (white),67,KG,actual,Retail,XAF,248.16,0.44
TCD,2025-08-15,Mayo Kebbi Ouest,Mayo-Dallah,Pala,2288,9.37,14.91,cereals and tubers,Rice (imported),64,KG,actual,Retail,XAF,578.57,1.02
TCD,2025-08-15,Mayo Kebbi Ouest,Mayo-Dallah,Pala,2288,9.37,14.91,cereals and tubers,Wheat flour,58,KG,actual,Retail,XAF,874.39,1.54
TCD,2025-08-15,Moyen Chari,Barh-K h,Sarh,235,9.14,18.39,cereals and tubers,Maize (white),67,KG,actual,Retail,XAF,245.03,0.43
TCD,2025-08-15,Moyen Chari,Barh-K h,Sarh,235,9.14,18.39,cereals and tubers,Rice (imported),64,KG,actual,Retail,XAF,625.28,1.1
TCD,2025-08-15,Moyen Chari,Barh-K h,Sarh,235,9.14,18.39,cereals and tubers,Wheat flour,58,KG,actual,Retail,XAF,722.89,1.27
TCD,2025-08-15,Moyen Chari,Grande Sido,Danamadji,5618,8.75,18.55,cereals and tubers,Maize (white),67,KG,actual,Retail,XAF,195.83,0.34
TCD,2025-08-15,Moyen Chari,Grande Sido,Danamadji,5618,8.75,18.55,cereals and tubers,Rice (imported),64,KG,actual,Retail,XAF,607.05,1.07
TCD,2025-08-15,Moyen Chari,Grande Sido,Danamadji,5618,8.75,18.55,cereals and tubers,Wheat flour,58,KG,actual,Retail,XAF,717.47,1.26
TCD,2025-08-15,Moyen Chari,Grande Sido,Maro,2285,8.42,18.77,cereals and tubers,Maize (white),67,KG,actual,Retail,XAF,185.46,0.33
TCD,2025-08-15,Moyen Chari,Grande Sido,Maro,2285,8.42,18.77,cereals and tubers,Rice (imported),64,KG,actual,Retail,XAF,642.5,1.13
TCD,2025-08-15,Moyen Chari,Grande Sido,Maro,2285,8.42,18.77,cereals and tubers,Wheat flour,58,KG,actual,Retail,XAF,721.24,1.27
TCD,2025-08-15,Moyen Chari,Grande Sido,Sido,4471,8.25,18.71,cereals and tubers,Rice (imported),64,KG,actual,Retail,XAF,649,1.14
TCD,2025-08-15,Moyen Chari,Grande Sido,Sido,4471,8.25,18.71,cereals and tubers,Wheat flour,58,KG,actual,Retail,XAF,742.05,1.3
TCD,2025-08-15,Moyen Chari,Lac Iro,Kyabe,2281,9.45,18.94,cereals and tubers,Maize (white),67,KG,actual,Retail,XAF,214.58,0.38
TCD,2025-08-15,Moyen Chari,Lac Iro,Kyabe,2281,9.45,18.94,cereals and tubers,Rice (imported),64,KG,actual,Retail,XAF,624.5,1.1
TCD,2025-08-15,Moyen Chari,Lac Iro,Kyabe,2281,9.45,18.94,cereals and tubers,Wheat flour,58,KG,actual,Retail,XAF,706.8,1.24
TCD,2025-08-15,Ndjaména,Ndjamena,Dembe,11368,12.1,15.08,cereals and tubers,Maize (white),67,KG,actual,Retail,XAF,382.89,0.67
TCD,2025-08-15,Ndjaména,Ndjamena,Dembe,11368,12.1,15.08,cereals and tubers,Rice (imported),64,KG,actual,Retail,XAF,650.21,1.14
TCD,2025-08-15,Ndjaména,Ndjamena,Dembe,11368,12.1,15.08,cereals and tubers,Wheat flour,58,KG,actual,Retail,XAF,718.57,1.26
TCD,2025-08-15,Ndjaména,Ndjamena,N'djamena (Atrone),4515,12.09,15.13,cereals and tubers,Maize (white),67,KG,actual,Retail,XAF,377.93,0.66
TCD,2025-08-15,Ndjaména,Ndjamena,N'djamena (Atrone),4515,12.09,15.13,cereals and tubers,Rice (imported),64,KG,actual,Retail,XAF,641.89,1.13
TCD,2025-08-15,Ndjaména,Ndjamena,N'djamena (Atrone),4515,12.09,15.13,cereals and tubers,Wheat flour,58,KG,actual,Retail,XAF,723,1.27
TCD,2025-08-15,Ndjaména,Ndjamena,Ndjamena (Marche A Mil),4480,12.11,15.06,cereals and tubers,Maize (white),67,KG,actual,Retail,XAF,379.26,0.67
TCD,2025-08-15,Ndjaména,Ndjamena,Ndjamena (Marche A Mil),4480,12.11,15.06,cereals and tubers,Rice (imported),64,KG,actual,Retail,XAF,560.76,0.98
TCD,2025-08-15,Ndjaména,Ndjamena,Ndjamena (Marche A Mil),4480,12.11,15.06,cereals and tubers,Wheat flour,58,KG,actual,Retail,XAF,737.32,1.29
TCD,2025-08-15,Ouaddai,Assongha,Adre,4519,13.46,22.19,cereals and tubers,Rice (imported),64,KG,actual,Retail,XAF,1000,1.76
TCD,2025-08-15,Ouaddai,Assongha,Adre,4519,13.46,22.19,cereals and tubers,Wheat flour,58,KG,actual,Retail,XAF,1027.5,1.8
TCD,2025-08-15,Ouaddai,Ouara,Abeche,228,13.82,20.82,cereals and tubers,Maize (white),67,KG,actual,Retail,XAF,385.6,0.68
TCD,2025-08-15,Ouaddai,Ouara,Abeche,228,13.82,20.82,cereals and tubers,Rice (imported),64,KG,actual,Retail,XAF,837.9,1.47
TCD,2025-08-15,Ouaddai,Ouara,Abeche,228,13.82,20.82,cereals and tubers,Wheat flour,58,KG,actual,Retail,XAF,853,1.5
TCD,2025-08-15,Salamat,Aboudeia,Aboudeia,2286,11.45,19.28,cereals and tubers,Maize (white),67,KG,actual,Retail,XAF,353,0.62
TCD,2025-08-15,Salamat,Aboudeia,Aboudeia,2286,11.45,19.28,cereals and tubers,Rice (imported),64,KG,actual,Retail,XAF,808,1.42
TCD,2025-08-15,Salamat,Aboudeia,Aboudeia,2286,11.45,19.28,cereals and tubers,Wheat flour,58,KG,actual,Retail,XAF,855.42,1.5
TCD,2025-08-15,Salamat,Barh-Azoum,Am Timan,1962,11.04,20.28,cereals and tubers,Maize (white),67,KG,actual,Retail,XAF,342.2,0.6
TCD,2025-08-15,Salamat,Barh-Azoum,Am Timan,1962,11.04,20.28,cereals and tubers,Rice (imported),64,KG,actual,Retail,XAF,791.5,1.39
TCD,2025-08-15,Salamat,Barh-Azoum,Am Timan,1962,11.04,20.28,cereals and tubers,Wheat flour,58,KG,actual,Retail,XAF,807.77,1.42
TCD,2025-08-15,Sila,Kimiti,Goz Beida,2290,12.23,21.41,cereals and tubers,Maize (white),67,KG,actual,Retail,XAF,346.5,0.61
TCD,2025-08-15,Sila,Kimiti,Goz Beida,2290,12.23,21.41,cereals and tubers,Rice (imported),64,KG,actual,Retail,XAF,951,1.67
TCD,2025-08-15,Sila,Kimiti,Goz Beida,2290,12.23,21.41,cereals and tubers,Wheat flour,58,KG,actual,Retail,XAF,891.68,1.57
TCD,2025-08-15,Tandjile,Tandjile-Centre,Bere,4508,9.31,16.15,cereals and tubers,Maize (white),67,KG,actual,Retail,XAF,202.8,0.36
TCD,2025-08-15,Tandjile,Tandjile-Centre,Bere,4508,9.31,16.15,cereals and tubers,Wheat flour,58,KG,actual,Retail,XAF,741.9,1.3
TCD,2025-08-15,Tandjile,Tandjile-Est,Laï,2289,9.4,16.31,cereals and tubers,Rice (imported),64,KG,actual,Retail,XAF,511.33,0.9
TCD,2025-08-15,Tandjile,Tandjile-Est,Laï,2289,9.4,16.31,cereals and tubers,Wheat flour,58,KG,actual,Retail,XAF,779.03,1.37
TCD,2025-08-15,Tandjile,Tandjile-Ouest,Kélo,1963,9.31,15.8,cereals and tubers,Maize (white),67,KG,actual,Retail,XAF,193.92,0.34
TCD,2025-08-15,Tandjile,Tandjile-Ouest,Kélo,1963,9.31,15.8,cereals and tubers,Rice (imported),64,KG,actual,Retail,XAF,505.79,0.89
TCD,2025-08-15,Wadi Fira,Biltine,Biltine,2294,14.54,20.91,cereals and tubers,Rice (imported),64,KG,actual,Retail,XAF,858,1.51
TCD,2025-08-15,Wadi Fira,Biltine,Biltine,2294,14.54,20.91,cereals and tubers,Wheat flour,58,KG,actual,Retail,XAF,902.08,1.58
TCD,2025-08-15,Wadi Fira,Dar-Tama,Guereda,2713,14.52,22.09,cereals and tubers,Rice (imported),64,KG,actual,Retail,XAF,900,1.58
TCD,2025-08-15,Wadi Fira,Dar-Tama,Guereda,2713,14.52,22.09,cereals and tubers,Wheat flour,58,KG,actual,Retail,XAF,786.49,1.38
TCD,2025-08-15,Wadi Fira,Iriba,Iriba,2300,15.13,22.25,cereals and tubers,Rice (imported),64,KG,actual,Retail,XAF,1059,1.86
TCD,2025-08-15,Wadi Fira,Iriba,Iriba,2300,15.13,22.25,cereals and tubers,Wheat flour,58,KG,actual,Retail,XAF,830.5,1.46
TCD,2025-09-15,Barh El Gazal,Barh El Gazel Sud,Moussoro,233,13.64,16.49,cereals and tubers,Rice (imported),64,KG,actual,Retail,XAF,814,1.43
TCD,2025-09-15,Barh El Gazal,Barh El Gazel Sud,Moussoro,233,13.64,16.49,cereals and tubers,Wheat flour,58,KG,actual,Retail,XAF,681.82,1.2
TCD,2025-09-15,Batha,Batha-Est,Oumhadjer,5623,13.23,19.24,cereals and tubers,Maize (white),67,KG,actual,Retail,XAF,284,0.5
TCD,2025-09-15,Batha,Batha-Est,Oumhadjer,5623,13.23,19.24,cereals and tubers,Rice (imported),64,KG,actual,Retail,XAF,777.19,1.37
TCD,2025-09-15,Batha,Batha-Est,Oumhadjer,5623,13.23,19.24,cereals and tubers,Wheat flour,58,KG,actual,Retail,XAF,834.51,1.47
TCD,2025-09-15,Batha,Batha-Ouest,Ati,2279,13.21,18.33,cereals and tubers,Maize (white),67,KG,actual,Retail,XAF,270,0.48
TCD,2025-09-15,Batha,Batha-Ouest,Ati,2279,13.21,18.33,cereals and tubers,Rice (imported),64,KG,actual,Retail,XAF,740.58,1.3
TCD,2025-09-15,Batha,Batha-Ouest,Ati,2279,13.21,18.33,cereals and tubers,Wheat flour,58,KG,actual,Retail,XAF,724.33,1.27
TCD,2025-09-15,Batha,Fitri,Yao,2722,12.85,17.56,cereals and tubers,Rice (imported),64,KG,actual,Retail,XAF,779.08,1.37
TCD,2025-09-15,Batha,Fitri,Yao,2722,12.85,17.56,cereals and tubers,Wheat flour,58,KG,actual,Retail,XAF,839.08,1.48
TCD,2025-09-15,Borkou,Borkou,Faya,4498,17.92,19.11,cereals and tubers,Rice (imported),64,KG,actual,Retail,XAF,1028.63,1.81
TCD,2025-09-15,Borkou,Borkou,Faya,4498,17.92,19.11,cereals and tubers,Wheat flour,58,KG,actual,Retail,XAF,1001.15,1.76
TCD,2025-09-15,Chari Baguirmi,Baguirmi,Dourbali,4500,11.79,15.86,cereals and tubers,Maize (white),67,KG,actual,Retail,XAF,286.42,0.5
TCD,2025-09-15,Chari Baguirmi,Baguirmi,Dourbali,4500,11.79,15.86,cereals and tubers,Rice (imported),64,KG,actual,Retail,XAF,575.75,1.01
TCD,2025-09-15,Chari Baguirmi,Baguirmi,Dourbali,4500,11.79,15.86,cereals and tubers,Wheat flour,58,KG,actual,Retail,XAF,896.87,1.58
TCD,2025-09-15,Chari Baguirmi,Baguirmi,Massenya,2717,11.4,16.17,cereals and tubers,Maize (white),67,KG,actual,Retail,XAF,270.32,0.48
TCD,2025-09-15,Chari Baguirmi,Baguirmi,Massenya,2717,11.4,16.17,cereals and tubers,Rice (imported),64,KG,actual,Retail,XAF,561.2,0.99
TCD,2025-09-15,Chari Baguirmi,Baguirmi,Massenya,2717,11.4,16.17,cereals and tubers,Wheat flour,58,KG,actual,Retail,XAF,900.16,1.58
TCD,2025-09-15,Chari Baguirmi,Chari,Mandelia,2299,11.73,15.24,cereals and tubers,Maize (white),67,KG,actual,Retail,XAF,283.37,0.5
TCD,2025-09-15,Chari Baguirmi,Chari,Mandelia,2299,11.73,15.24,cereals and tubers,Rice (imported),64,KG,actual,Retail,XAF,562.25,0.99
TCD,2025-09-15,Chari Baguirmi,Chari,Mandelia,2299,11.73,15.24,cereals and tubers,Wheat flour,58,KG,actual,Retail,XAF,881.02,1.55
TCD,2025-09-15,Chari Baguirmi,Loug-Chari,Bousso,2287,10.48,16.71,cereals and tubers,Maize (white),67,KG,actual,Retail,XAF,262.68,0.46
TCD,2025-09-15,Chari Baguirmi,Loug-Chari,Bousso,2287,10.48,16.71,cereals and tubers,Rice (imported),64,KG,actual,Retail,XAF,686.44,1.21
TCD,2025-09-15,Chari Baguirmi,Loug-Chari,Bousso,2287,10.48,16.71,cereals and tubers,Wheat flour,58,KG,actual,Retail,XAF,900.69,1.58
TCD,2025-09-15,Ennedi Est,Amdjarass,Amdjarass,4517,16.17,22.83,cereals and tubers,Rice (imported),64,KG,actual,Retail,XAF,969.57,1.71
TCD,2025-09-15,Ennedi Est,Amdjarass,Amdjarass,4517,16.17,22.83,cereals and tubers,Wheat flour,58,KG,actual,Retail,XAF,1001.73,1.76
TCD,2025-09-15,Ennedi Ouest,Fada,Fada,6104,17.18,21.58,cereals and tubers,Rice (imported),64,KG,actual,Retail,XAF,966.72,1.7
TCD,2025-09-15,Ennedi Ouest,Fada,Fada,6104,17.18,21.58,cereals and tubers,Wheat flour,58,KG,actual,Retail,XAF,1034.46,1.82
TCD,2025-09-15,Guera,Abtouyour,Bitkine,2719,11.98,18.21,cereals and tubers,Maize (white),67,KG,actual,Retail,XAF,371.5,0.65
TCD,2025-09-15,Guera,Abtouyour,Bitkine,2719,11.98,18.21,cereals and tubers,Rice (imported),64,KG,actual,Retail,XAF,775.98,1.37
TCD,2025-09-15,Guera,Abtouyour,Bitkine,2719,11.98,18.21,cereals and tubers,Wheat flour,58,KG,actual,Retail,XAF,660.7,1.16
TCD,2025-09-15,Guera,Barh-Signaka,Melfi,2755,11.06,17.93,cereals and tubers,Maize (white),67,KG,actual,Retail,XAF,340,0.6
TCD,2025-09-15,Guera,Barh-Signaka,Melfi,2755,11.06,17.93,cereals and tubers,Rice (imported),64,KG,actual,Retail,XAF,743.55,1.31
TCD,2025-09-15,Guera,Barh-Signaka,Melfi,2755,11.06,17.93,cereals and tubers,Wheat flour,58,KG,actual,Retail,XAF,719.21,1.27
TCD,2025-09-15,Guera,Guera,Mongo,231,12.18,18.69,cereals and tubers,Maize (white),67,KG,actual,Retail,XAF,392.5,0.69
TCD,2025-09-15,Guera,Guera,Mongo,231,12.18,18.69,cereals and tubers,Rice (imported),64,KG,actual,Retail,XAF,745.02,1.31
TCD,2025-09-15,Guera,Guera,Mongo,231,12.18,18.69,cereals and tubers,Wheat flour,58,KG,actual,Retail,XAF,698.5,1.23
TCD,2025-09-15,Guera,Mangalma,Mangalme,2715,12.36,19.61,cereals and tubers,Maize (white),67,KG,actual,Retail,XAF,401.5,0.71
TCD,2025-09-15,Guera,Mangalma,Mangalme,2715,12.36,19.61,cereals and tubers,Wheat flour,58,KG,actual,Retail,XAF,693.74,1.22
TCD,2025-09-15,Hadjer Lamis,Dababa,Bokoro,2296,12.38,17.06,cereals and tubers,Maize (white),67,KG,actual,Retail,XAF,277.5,0.49
TCD,2025-09-15,Hadjer Lamis,Dababa,Bokoro,2296,12.38,17.06,cereals and tubers,Rice (imported),64,KG,actual,Retail,XAF,636.36,1.12
TCD,2025-09-15,Hadjer Lamis,Dababa,Bokoro,2296,12.38,17.06,cereals and tubers,Wheat flour,58,KG,actual,Retail,XAF,714.11,1.26
TCD,2025-09-15,Hadjer Lamis,Dagana,Massakory,2295,13,15.73,cereals and tubers,Maize (white),67,KG,actual,Retail,XAF,285.83,0.5
TCD,2025-09-15,Hadjer Lamis,Dagana,Massakory,2295,13,15.73,cereals and tubers,Rice (imported),64,KG,actual,Retail,XAF,654.2,1.15
TCD,2025-09-15,Hadjer Lamis,Dagana,Massakory,2295,13,15.73,cereals and tubers,Wheat flour,58,KG,actual,Retail,XAF,692.69,1.22
TCD,2025-09-15,Hadjer Lamis,Haraze-Al-Biar,Massaguet,2716,12.48,15.44,cereals and tubers,Maize (white),67,KG,actual,Retail,XAF,283.12,0.5
TCD,2025-09-15,Hadjer Lamis,Haraze-Al-Biar,Massaguet,2716,12.48,15.44,cereals and tubers,Rice (imported),64,KG,actual,Retail,XAF,623.05,1.1
TCD,2025-09-15,Hadjer Lamis,Haraze-Al-Biar,Massaguet,2716,12.48,15.44,cereals and tubers,Wheat flour,58,KG,actual,Retail,XAF,688.77,1.21
TCD,2025-09-15,Kanem,Kanem,Mao,230,14.12,15.31,cereals and tubers,Maize (white),67,KG,actual,Retail,XAF,247.73,0.44
TCD,2025-09-15,Kanem,Kanem,Mao,230,14.12,15.31,cereals and tubers,Rice (imported),64,KG,actual,Retail,XAF,795.25,1.4
TCD,2025-09-15,Kanem,Kanem,Mao,230,14.12,15.31,cereals and tubers,Wheat flour,58,KG,actual,Retail,XAF,727.27,1.28
TCD,2025-09-15,Lac,Kaya,Bagassola,4514,13.55,14.3,cereals and tubers,Maize (white),67,KG,actual,Retail,XAF,336.02,0.59
TCD,2025-09-15,Lac,Kaya,Bagassola,4514,13.55,14.3,cereals and tubers,Wheat flour,58,KG,actual,Retail,XAF,695.84,1.22
TCD,2025-09-15,Lac,Mamdi,Bol,229,13.5,14.68,cereals and tubers,Maize (white),67,KG,actual,Retail,XAF,305.71,0.54
TCD,2025-09-15,Lac,Mamdi,Bol,229,13.5,14.68,cereals and tubers,Rice (imported),64,KG,actual,Retail,XAF,723.08,1.27
TCD,2025-09-15,Lac,Mamdi,Bol,229,13.5,14.68,cereals and tubers,Wheat flour,58,KG,actual,Retail,XAF,717.36,1.26
TCD,2025-09-15,Lac,Wayi,Ngouri,2297,13.64,15.37,cereals and tubers,Maize (white),67,KG,actual,Retail,XAF,340.01,0.6
TCD,2025-09-15,Lac,Wayi,Ngouri,2297,13.64,15.37,cereals and tubers,Rice (imported),64,KG,actual,Retail,XAF,721.83,1.27
TCD,2025-09-15,Lac,Wayi,Ngouri,2297,13.64,15.37,cereals and tubers,Wheat flour,58,KG,actual,Retail,XAF,704.55,1.24
TCD,2025-09-15,Logone Occidental,Dodje,Mbaïnamar,2298,8.67,15.38,cereals and tubers,Maize (white),67,KG,actual,Retail,XAF,220.97,0.39
TCD,2025-09-15,Logone Occidental,Dodje,Mbaïnamar,2298,8.67,15.38,cereals and tubers,Rice (imported),64,KG,actual,Retail,XAF,708.81,1.25
TCD,2025-09-15,Logone Occidental,Dodje,Mbaïnamar,2298,8.67,15.38,cereals and tubers,Wheat flour,58,KG,actual,Retail,XAF,771.08,1.36
TCD,2025-09-15,Logone Occidental,Gueni,Krim Krim,2714,8.97,15.8,cereals and tubers,Maize (white),67,KG,actual,Retail,XAF,193.59,0.34
TCD,2025-09-15,Logone Occidental,Gueni,Krim Krim,2714,8.97,15.8,cereals and tubers,Rice (imported),64,KG,actual,Retail,XAF,623.63,1.1
TCD,2025-09-15,Logone Occidental,Gueni,Krim Krim,2714,8.97,15.8,cereals and tubers,Wheat flour,58,KG,actual,Retail,XAF,679.03,1.19
TCD,2025-09-15,Logone Occidental,Lac Wey,Moundou,232,8.57,16.08,cereals and tubers,Rice (imported),64,KG,actual,Retail,XAF,691.32,1.22
TCD,2025-09-15,Logone Occidental,Lac Wey,Moundou,232,8.57,16.08,cereals and tubers,Wheat flour,58,KG,actual,Retail,XAF,730.36,1.28
TCD,2025-09-15,Logone Occidental,Ngourkoussou,Benoye,2292,8.99,16.32,cereals and tubers,Maize (white),67,KG,actual,Retail,XAF,201.69,0.35
TCD,2025-09-15,Logone Occidental,Ngourkoussou,Benoye,2292,8.99,16.32,cereals and tubers,Rice (imported),64,KG,actual,Retail,XAF,698.58,1.23
TCD,2025-09-15,Logone Occidental,Ngourkoussou,Benoye,2292,8.99,16.32,cereals and tubers,Wheat flour,58,KG,actual,Retail,XAF,742.97,1.31
TCD,2025-09-15,Logone Oriental,Kouh-Est,Bodo,2710,8.29,17.14,cereals and tubers,Maize (white),67,KG,actual,Retail,XAF,191.76,0.34
TCD,2025-09-15,Logone Oriental,Kouh-Est,Bodo,2710,8.29,17.14,cereals and tubers,Wheat flour,58,KG,actual,Retail,XAF,761.43,1.34
TCD,2025-09-15,Logone Oriental,La Nya,Bebedja,2708,8.67,16.57,cereals and tubers,Maize (white),67,KG,actual,Retail,XAF,175.1,0.31
TCD,2025-09-15,Logone Oriental,La Nya,Bebedja,2708,8.67,16.57,cereals and tubers,Rice (imported),64,KG,actual,Retail,XAF,699.3,1.23
TCD,2025-09-15,Logone Oriental,La Nya,Bebedja,2708,8.67,16.57,cereals and tubers,Wheat flour,58,KG,actual,Retail,XAF,680.68,1.2
TCD,2025-09-15,Logone Oriental,La Nya Pendm,Gore,236,7.92,16.63,cereals and tubers,Maize (white),67,KG,actual,Retail,XAF,221.92,0.39
TCD,2025-09-15,Logone Oriental,La Nya Pendm,Gore,236,7.92,16.63,cereals and tubers,Rice (imported),64,KG,actual,Retail,XAF,668.77,1.18
TCD,2025-09-15,Logone Oriental,La Nya Pendm,Gore,236,7.92,16.63,cereals and tubers,Wheat flour,58,KG,actual,Retail,XAF,708.07,1.25
TCD,2025-09-15,Logone Oriental,La Pend,Doba,2293,8.67,16.86,cereals and tubers,Maize (white),67,KG,actual,Retail,XAF,221.36,0.39
TCD,2025-09-15,Logone Oriental,La Pend,Doba,2293,8.67,16.86,cereals and tubers,Wheat flour,58,KG,actual,Retail,XAF,738.02,1.3
TCD,2025-09-15,Logone Oriental,Monts de Lam,Mbaïbokoum,2303,7.74,15.69,cereals and tubers,Rice (imported),64,KG,actual,Retail,XAF,709.05,1.25
TCD,2025-09-15,Logone Oriental,Monts de Lam,Mbaïbokoum,2303,7.74,15.69,cereals and tubers,Wheat flour,58,KG,actual,Retail,XAF,693.37,1.22
TCD,2025-09-15,Mandoul,Barh-Sara,Moissala,2283,8.34,17.76,cereals and tubers,Maize (white),67,KG,actual,Retail,XAF,241.34,0.42
TCD,2025-09-15,Mandoul,Barh-Sara,Moissala,2283,8.34,17.76,cereals and tubers,Rice (imported),64,KG,actual,Retail,XAF,637.47,1.12
TCD,2025-09-15,Mandoul,Mandoul Occidental,Bedjondo,4509,8.61,17.19,cereals and tubers,Maize (white),67,KG,actual,Retail,XAF,239.7,0.42
TCD,2025-09-15,Mandoul,Mandoul Occidental,Bedjondo,4509,8.61,17.19,cereals and tubers,Rice (imported),64,KG,actual,Retail,XAF,647.38,1.14
TCD,2025-09-15,Mandoul,Mandoul Occidental,Bedjondo,4509,8.61,17.19,cereals and tubers,Wheat flour,58,KG,actual,Retail,XAF,722.63,1.27
TCD,2025-09-15,Mandoul,Mandoul Occidental,Peni,2284,8.8,17.3,cereals and tubers,Maize (white),67,KG,actual,Retail,XAF,230.34,0.41
TCD,2025-09-15,Mandoul,Mandoul Occidental,Peni,2284,8.8,17.3,cereals and tubers,Rice (imported),64,KG,actual,Retail,XAF,649.25,1.14
TCD,2025-09-15,Mandoul,Mandoul Occidental,Peni,2284,8.8,17.3,cereals and tubers,Wheat flour,58,KG,actual,Retail,XAF,734.49,1.29
TCD,2025-09-15,Mandoul,Mandoul Oriental,Koumra,2282,8.92,17.55,cereals and tubers,Maize (white),67,KG,actual,Retail,XAF,252.36,0.44
TCD,2025-09-15,Mandoul,Mandoul Oriental,Koumra,2282,8.92,17.55,cereals and tubers,Rice (imported),64,KG,actual,Retail,XAF,663.46,1.17
TCD,2025-09-15,Mandoul,Mandoul Oriental,Koumra,2282,8.92,17.55,cereals and tubers,Wheat flour,58,KG,actual,Retail,XAF,753.53,1.33
TCD,2025-09-15,Mayo Kebbi Est,Kabia,Pont Karol,4473,9.59,15.49,cereals and tubers,Maize (white),67,KG,actual,Retail,XAF,230.6,0.41
TCD,2025-09-15,Mayo Kebbi Est,Kabia,Pont Karol,4473,9.59,15.49,cereals and tubers,Rice (imported),64,KG,actual,Retail,XAF,668.83,1.18
TCD,2025-09-15,Mayo Kebbi Est,Kabia,Pont Karol,4473,9.59,15.49,cereals and tubers,Wheat flour,58,KG,actual,Retail,XAF,800.24,1.41
TCD,2025-09-15,Mayo Kebbi Est,Mayo Boneye,Bongor,1964,10.28,15.39,cereals and tubers,Maize (white),67,KG,actual,Retail,XAF,230.6,0.41
TCD,2025-09-15,Mayo Kebbi Est,Mayo Boneye,Bongor,1964,10.28,15.39,cereals and tubers,Rice (imported),64,KG,actual,Retail,XAF,739.98,1.3
TCD,2025-09-15,Mayo Kebbi Est,Mayo Boneye,Bongor,1964,10.28,15.39,cereals and tubers,Wheat flour,58,KG,actual,Retail,XAF,864.67,1.52
TCD,2025-09-15,Mayo Kebbi Est,Mayo-Lemi,Gueledeng,2712,10.92,15.54,cereals and tubers,Rice (imported),64,KG,actual,Retail,XAF,619.99,1.09
TCD,2025-09-15,Mayo Kebbi Est,Mont Illi,Fianga,2711,9.92,15.12,cereals and tubers,Maize (white),67,KG,actual,Retail,XAF,212.15,0.37
TCD,2025-09-15,Mayo Kebbi Est,Mont Illi,Fianga,2711,9.92,15.12,cereals and tubers,Rice (imported),64,KG,actual,Retail,XAF,664.89,1.17
TCD,2025-09-15,Mayo Kebbi Est,Mont Illi,Fianga,2711,9.92,15.12,cereals and tubers,Wheat flour,58,KG,actual,Retail,XAF,859.25,1.51
TCD,2025-09-15,Mayo Kebbi Ouest,Lac-LBrn,Lere,2721,9.66,14.22,cereals and tubers,Maize (white),67,KG,actual,Retail,XAF,207.54,0.37
TCD,2025-09-15,Mayo Kebbi Ouest,Lac-LBrn,Lere,2721,9.66,14.22,cereals and tubers,Rice (imported),64,KG,actual,Retail,XAF,734.81,1.29
TCD,2025-09-15,Mayo Kebbi Ouest,Lac-LBrn,Lere,2721,9.66,14.22,cereals and tubers,Wheat flour,58,KG,actual,Retail,XAF,745.33,1.31
TCD,2025-09-15,Mayo Kebbi Ouest,Mayo Binder,Binder,8408,9.96,14.47,cereals and tubers,Maize (white),67,KG,actual,Retail,XAF,211.69,0.37
TCD,2025-09-15,Mayo Kebbi Ouest,Mayo Binder,Binder,8408,9.96,14.47,cereals and tubers,Rice (imported),64,KG,actual,Retail,XAF,751.98,1.32
TCD,2025-09-15,Mayo Kebbi Ouest,Mayo Binder,Binder,8408,9.96,14.47,cereals and tubers,Wheat flour,58,KG,actual,Retail,XAF,715.52,1.26
TCD,2025-09-15,Mayo Kebbi Ouest,Mayo-Dallah,Pala,2288,9.37,14.91,cereals and tubers,Rice (imported),64,KG,actual,Retail,XAF,645.1,1.13
TCD,2025-09-15,Mayo Kebbi Ouest,Mayo-Dallah,Pala,2288,9.37,14.91,cereals and tubers,Wheat flour,58,KG,actual,Retail,XAF,834.7,1.47
TCD,2025-09-15,Moyen Chari,Barh-K h,Sarh,235,9.14,18.39,cereals and tubers,Maize (white),67,KG,actual,Retail,XAF,296.67,0.52
TCD,2025-09-15,Moyen Chari,Barh-K h,Sarh,235,9.14,18.39,cereals and tubers,Rice (imported),64,KG,actual,Retail,XAF,713.62,1.26
TCD,2025-09-15,Moyen Chari,Barh-K h,Sarh,235,9.14,18.39,cereals and tubers,Wheat flour,58,KG,actual,Retail,XAF,689.19,1.21
TCD,2025-09-15,Moyen Chari,Grande Sido,Danamadji,5618,8.75,18.55,cereals and tubers,Maize (white),67,KG,actual,Retail,XAF,214.99,0.38
TCD,2025-09-15,Moyen Chari,Grande Sido,Danamadji,5618,8.75,18.55,cereals and tubers,Rice (imported),64,KG,actual,Retail,XAF,689.95,1.21
TCD,2025-09-15,Moyen Chari,Grande Sido,Danamadji,5618,8.75,18.55,cereals and tubers,Wheat flour,58,KG,actual,Retail,XAF,676.15,1.19
TCD,2025-09-15,Moyen Chari,Grande Sido,Maro,2285,8.42,18.77,cereals and tubers,Maize (white),67,KG,actual,Retail,XAF,203.74,0.36
TCD,2025-09-15,Moyen Chari,Grande Sido,Maro,2285,8.42,18.77,cereals and tubers,Rice (imported),64,KG,actual,Retail,XAF,686,1.21
TCD,2025-09-15,Moyen Chari,Grande Sido,Maro,2285,8.42,18.77,cereals and tubers,Wheat flour,58,KG,actual,Retail,XAF,672.29,1.18
TCD,2025-09-15,Moyen Chari,Grande Sido,Sido,4471,8.25,18.71,cereals and tubers,Maize (white),67,KG,actual,Retail,XAF,212.12,0.37
TCD,2025-09-15,Moyen Chari,Grande Sido,Sido,4471,8.25,18.71,cereals and tubers,Rice (imported),64,KG,actual,Retail,XAF,701.37,1.23
TCD,2025-09-15,Moyen Chari,Grande Sido,Sido,4471,8.25,18.71,cereals and tubers,Wheat flour,58,KG,actual,Retail,XAF,692.04,1.22
TCD,2025-09-15,Moyen Chari,Lac Iro,Kyabe,2281,9.45,18.94,cereals and tubers,Maize (white),67,KG,actual,Retail,XAF,231.4,0.41
TCD,2025-09-15,Moyen Chari,Lac Iro,Kyabe,2281,9.45,18.94,cereals and tubers,Rice (imported),64,KG,actual,Retail,XAF,728.19,1.28
TCD,2025-09-15,Moyen Chari,Lac Iro,Kyabe,2281,9.45,18.94,cereals and tubers,Wheat flour,58,KG,actual,Retail,XAF,668.09,1.18
TCD,2025-09-15,Ndjaména,Ndjamena,Dembe,11368,12.1,15.08,cereals and tubers,Maize (white),67,KG,actual,Retail,XAF,388.25,0.68
TCD,2025-09-15,Ndjaména,Ndjamena,Dembe,11368,12.1,15.08,cereals and tubers,Rice (imported),64,KG,actual,Retail,XAF,622.99,1.1
TCD,2025-09-15,Ndjaména,Ndjamena,Dembe,11368,12.1,15.08,cereals and tubers,Wheat flour,58,KG,actual,Retail,XAF,659.89,1.16
TCD,2025-09-15,Ndjaména,Ndjamena,N'djamena (Atrone),4515,12.09,15.13,cereals and tubers,Maize (white),67,KG,actual,Retail,XAF,383.67,0.67
TCD,2025-09-15,Ndjaména,Ndjamena,N'djamena (Atrone),4515,12.09,15.13,cereals and tubers,Rice (imported),64,KG,actual,Retail,XAF,642.95,1.13
TCD,2025-09-15,Ndjaména,Ndjamena,N'djamena (Atrone),4515,12.09,15.13,cereals and tubers,Wheat flour,58,KG,actual,Retail,XAF,643.4,1.13
TCD,2025-09-15,Ndjaména,Ndjamena,Ndjamena (Marche A Mil),4480,12.11,15.06,cereals and tubers,Maize (white),67,KG,actual,Retail,XAF,383.25,0.67
TCD,2025-09-15,Ndjaména,Ndjamena,Ndjamena (Marche A Mil),4480,12.11,15.06,cereals and tubers,Rice (imported),64,KG,actual,Retail,XAF,604.27,1.06
TCD,2025-09-15,Ndjaména,Ndjamena,Ndjamena (Marche A Mil),4480,12.11,15.06,cereals and tubers,Wheat flour,58,KG,actual,Retail,XAF,671.66,1.18
TCD,2025-09-15,Ouaddai,Assongha,Adre,4519,13.46,22.19,cereals and tubers,Rice (imported),64,KG,actual,Retail,XAF,1028.68,1.81
TCD,2025-09-15,Ouaddai,Assongha,Adre,4519,13.46,22.19,cereals and tubers,Wheat flour,58,KG,actual,Retail,XAF,1100.48,1.94
TCD,2025-09-15,Ouaddai,Ouara,Abeche,228,13.82,20.82,cereals and tubers,Maize (white),67,KG,actual,Retail,XAF,429,0.75
TCD,2025-09-15,Ouaddai,Ouara,Abeche,228,13.82,20.82,cereals and tubers,Rice (imported),64,KG,actual,Retail,XAF,886.58,1.56
TCD,2025-09-15,Ouaddai,Ouara,Abeche,228,13.82,20.82,cereals and tubers,Wheat flour,58,KG,actual,Retail,XAF,875.14,1.54
TCD,2025-09-15,Salamat,Aboudeia,Aboudeia,2286,11.45,19.28,cereals and tubers,Maize (white),67,KG,actual,Retail,XAF,176.5,0.31
TCD,2025-09-15,Salamat,Aboudeia,Aboudeia,2286,11.45,19.28,cereals and tubers,Rice (imported),64,KG,actual,Retail,XAF,706.13,1.24
TCD,2025-09-15,Salamat,Barh-Azoum,Am Timan,1962,11.04,20.28,cereals and tubers,Maize (white),67,KG,actual,Retail,XAF,171.1,0.3
TCD,2025-09-15,Salamat,Barh-Azoum,Am Timan,1962,11.04,20.28,cereals and tubers,Rice (imported),64,KG,actual,Retail,XAF,765.02,1.35
TCD,2025-09-15,Salamat,Barh-Azoum,Am Timan,1962,11.04,20.28,cereals and tubers,Wheat flour,58,KG,actual,Retail,XAF,908.31,1.6
TCD,2025-09-15,Sila,Kimiti,Goz Beida,2290,12.23,21.41,cereals and tubers,Rice (imported),64,KG,actual,Retail,XAF,985.81,1.73
TCD,2025-09-15,Sila,Kimiti,Goz Beida,2290,12.23,21.41,cereals and tubers,Wheat flour,58,KG,actual,Retail,XAF,911.75,1.6
TCD,2025-09-15,Tandjile,Tandjile-Centre,Bere,4508,9.31,16.15,cereals and tubers,Maize (white),67,KG,actual,Retail,XAF,229.72,0.4
TCD,2025-09-15,Tandjile,Tandjile-Centre,Bere,4508,9.31,16.15,cereals and tubers,Rice (imported),64,KG,actual,Retail,XAF,556.16,0.98
TCD,2025-09-15,Tandjile,Tandjile-Centre,Bere,4508,9.31,16.15,cereals and tubers,Wheat flour,58,KG,actual,Retail,XAF,915.85,1.61
TCD,2025-09-15,Tandjile,Tandjile-Est,Laï,2289,9.4,16.31,cereals and tubers,Maize (white),67,KG,actual,Retail,XAF,241.81,0.43
TCD,2025-09-15,Tandjile,Tandjile-Est,Laï,2289,9.4,16.31,cereals and tubers,Rice (imported),64,KG,actual,Retail,XAF,586.53,1.03
TCD,2025-09-15,Tandjile,Tandjile-Est,Laï,2289,9.4,16.31,cereals and tubers,Wheat flour,58,KG,actual,Retail,XAF,858.74,1.51
TCD,2025-09-15,Tandjile,Tandjile-Ouest,Kélo,1963,9.31,15.8,cereals and tubers,Maize (white),67,KG,actual,Retail,XAF,220.91,0.39
TCD,2025-09-15,Tandjile,Tandjile-Ouest,Kélo,1963,9.31,15.8,cereals and tubers,Rice (imported),64,KG,actual,Retail,XAF,615.91,1.08
TCD,2025-09-15,Wadi Fira,Biltine,Biltine,2294,14.54,20.91,cereals and tubers,Wheat flour,58,KG,actual,Retail,XAF,927.57,1.63
TCD,2025-09-15,Wadi Fira,Dar-Tama,Guereda,2713,14.52,22.09,cereals and tubers,Rice (imported),64,KG,actual,Retail,XAF,954,1.68
TCD,2025-09-15,Wadi Fira,Dar-Tama,Guereda,2713,14.52,22.09,cereals and tubers,Wheat flour,58,KG,actual,Retail,XAF,871.1,1.53
TCD,2025-09-15,Wadi Fira,Iriba,Iriba,2300,15.13,22.25,cereals and tubers,Rice (imported),64,KG,actual,Retail,XAF,916.55,1.61
TCD,2025-09-15,Wadi Fira,Iriba,Iriba,2300,15.13,22.25,cereals and tubers,Wheat flour,58,KG,actual,Retail,XAF,878.79,1.55
TCD,2025-10-15,Barh El Gazal,Barh El Gazel Sud,Moussoro,233,13.64,16.49,cereals and tubers,Maize (white),67,KG,actual,Retail,XAF,240.19,0.42
TCD,2025-10-15,Barh El Gazal,Barh El Gazel Sud,Moussoro,233,13.64,16.49,cereals and tubers,Rice (imported),64,KG,actual,Retail,XAF,759.54,1.34
TCD,2025-10-15,Barh El Gazal,Barh El Gazel Sud,Moussoro,233,13.64,16.49,cereals and tubers,Wheat flour,58,KG,actual,Retail,XAF,798.64,1.4
TCD,2025-10-15,Batha,Batha-Est,Oumhadjer,5623,13.23,19.24,cereals and tubers,Maize (white),67,KG,actual,Retail,XAF,240.75,0.42
TCD,2025-10-15,Batha,Batha-Est,Oumhadjer,5623,13.23,19.24,cereals and tubers,Rice (imported),64,KG,actual,Retail,XAF,758.29,1.33
TCD,2025-10-15,Batha,Batha-Est,Oumhadjer,5623,13.23,19.24,cereals and tubers,Wheat flour,58,KG,actual,Retail,XAF,785.11,1.38
TCD,2025-10-15,Batha,Batha-Ouest,Ati,2279,13.21,18.33,cereals and tubers,Maize (white),67,KG,actual,Retail,XAF,250,0.44
TCD,2025-10-15,Batha,Batha-Ouest,Ati,2279,13.21,18.33,cereals and tubers,Rice (imported),64,KG,actual,Retail,XAF,726.22,1.28
TCD,2025-10-15,Batha,Fitri,Yao,2722,12.85,17.56,cereals and tubers,Rice (imported),64,KG,actual,Retail,XAF,764.87,1.35
TCD,2025-10-15,Batha,Fitri,Yao,2722,12.85,17.56,cereals and tubers,Wheat flour,58,KG,actual,Retail,XAF,739.15,1.3
TCD,2025-10-15,Borkou,Borkou,Faya,4498,17.92,19.11,cereals and tubers,Rice (imported),64,KG,actual,Retail,XAF,1101.1,1.94
TCD,2025-10-15,Borkou,Borkou,Faya,4498,17.92,19.11,cereals and tubers,Wheat flour,58,KG,actual,Retail,XAF,1034.33,1.82
TCD,2025-10-15,Chari Baguirmi,Baguirmi,Dourbali,4500,11.79,15.86,cereals and tubers,Maize (white),67,KG,actual,Retail,XAF,194.71,0.34
TCD,2025-10-15,Chari Baguirmi,Baguirmi,Dourbali,4500,11.79,15.86,cereals and tubers,Rice (imported),64,KG,actual,Retail,XAF,505.35,0.89
TCD,2025-10-15,Chari Baguirmi,Baguirmi,Dourbali,4500,11.79,15.86,cereals and tubers,Wheat flour,58,KG,actual,Retail,XAF,790.23,1.39
TCD,2025-10-15,Chari Baguirmi,Baguirmi,Massenya,2717,11.4,16.17,cereals and tubers,Maize (white),67,KG,actual,Retail,XAF,191.63,0.34
TCD,2025-10-15,Chari Baguirmi,Baguirmi,Massenya,2717,11.4,16.17,cereals and tubers,Rice (imported),64,KG,actual,Retail,XAF,490.33,0.86
TCD,2025-10-15,Chari Baguirmi,Baguirmi,Massenya,2717,11.4,16.17,cereals and tubers,Wheat flour,58,KG,actual,Retail,XAF,833.18,1.47
TCD,2025-10-15,Chari Baguirmi,Chari,Mandelia,2299,11.73,15.24,cereals and tubers,Maize (white),67,KG,actual,Retail,XAF,204.95,0.36
TCD,2025-10-15,Chari Baguirmi,Chari,Mandelia,2299,11.73,15.24,cereals and tubers,Rice (imported),64,KG,actual,Retail,XAF,494.06,0.87
TCD,2025-10-15,Chari Baguirmi,Chari,Mandelia,2299,11.73,15.24,cereals and tubers,Wheat flour,58,KG,actual,Retail,XAF,750.38,1.32
TCD,2025-10-15,Chari Baguirmi,Loug-Chari,Bousso,2287,10.48,16.71,cereals and tubers,Maize (white),67,KG,actual,Retail,XAF,204.15,0.36
TCD,2025-10-15,Chari Baguirmi,Loug-Chari,Bousso,2287,10.48,16.71,cereals and tubers,Rice (imported),64,KG,actual,Retail,XAF,647.67,1.14
TCD,2025-10-15,Chari Baguirmi,Loug-Chari,Bousso,2287,10.48,16.71,cereals and tubers,Wheat flour,58,KG,actual,Retail,XAF,867.5,1.53
TCD,2025-10-15,Ennedi Est,Amdjarass,Amdjarass,4517,16.17,22.83,cereals and tubers,Rice (imported),64,KG,actual,Retail,XAF,993.9,1.75
TCD,2025-10-15,Ennedi Est,Amdjarass,Amdjarass,4517,16.17,22.83,cereals and tubers,Wheat flour,58,KG,actual,Retail,XAF,1097.46,1.93
TCD,2025-10-15,Ennedi Ouest,Fada,Fada,6104,17.18,21.58,cereals and tubers,Rice (imported),64,KG,actual,Retail,XAF,1035.45,1.82
TCD,2025-10-15,Ennedi Ouest,Fada,Fada,6104,17.18,21.58,cereals and tubers,Wheat flour,58,KG,actual,Retail,XAF,911.79,1.6
TCD,2025-10-15,Guera,Abtouyour,Bitkine,2719,11.98,18.21,cereals and tubers,Maize (white),67,KG,actual,Retail,XAF,316.47,0.56
TCD,2025-10-15,Guera,Abtouyour,Bitkine,2719,11.98,18.21,cereals and tubers,Rice (imported),64,KG,actual,Retail,XAF,758.57,1.33
TCD,2025-10-15,Guera,Abtouyour,Bitkine,2719,11.98,18.21,cereals and tubers,Wheat flour,58,KG,actual,Retail,XAF,737.65,1.3
TCD,2025-10-15,Guera,Barh-Signaka,Melfi,2755,11.06,17.93,cereals and tubers,Rice (imported),64,KG,actual,Retail,XAF,722.79,1.27
TCD,2025-10-15,Guera,Barh-Signaka,Melfi,2755,11.06,17.93,cereals and tubers,Wheat flour,58,KG,actual,Retail,XAF,719.21,1.26
TCD,2025-10-15,Guera,Guera,Mongo,231,12.18,18.69,cereals and tubers,Maize (white),67,KG,actual,Retail,XAF,333.12,0.59
TCD,2025-10-15,Guera,Guera,Mongo,231,12.18,18.69,cereals and tubers,Rice (imported),64,KG,actual,Retail,XAF,726.14,1.28
TCD,2025-10-15,Guera,Guera,Mongo,231,12.18,18.69,cereals and tubers,Wheat flour,58,KG,actual,Retail,XAF,776.48,1.37
TCD,2025-10-15,Guera,Mangalma,Mangalme,2715,12.36,19.61,cereals and tubers,Maize (white),67,KG,actual,Retail,XAF,349.78,0.62
TCD,2025-10-15,Guera,Mangalma,Mangalme,2715,12.36,19.61,cereals and tubers,Rice (imported),64,KG,actual,Retail,XAF,763.62,1.34
TCD,2025-10-15,Guera,Mangalma,Mangalme,2715,12.36,19.61,cereals and tubers,Wheat flour,58,KG,actual,Retail,XAF,788.12,1.39
TCD,2025-10-15,Hadjer Lamis,Dababa,Bokoro,2296,12.38,17.06,cereals and tubers,Maize (white),67,KG,actual,Retail,XAF,269.17,0.47
TCD,2025-10-15,Hadjer Lamis,Dababa,Bokoro,2296,12.38,17.06,cereals and tubers,Rice (imported),64,KG,actual,Retail,XAF,722.78,1.27
TCD,2025-10-15,Hadjer Lamis,Dababa,Bokoro,2296,12.38,17.06,cereals and tubers,Wheat flour,58,KG,actual,Retail,XAF,724.71,1.27
TCD,2025-10-15,Hadjer Lamis,Dagana,Massakory,2295,13,15.73,cereals and tubers,Maize (white),67,KG,actual,Retail,XAF,282.62,0.5
TCD,2025-10-15,Hadjer Lamis,Dagana,Massakory,2295,13,15.73,cereals and tubers,Rice (imported),64,KG,actual,Retail,XAF,752.03,1.32
TCD,2025-10-15,Hadjer Lamis,Dagana,Massakory,2295,13,15.73,cereals and tubers,Wheat flour,58,KG,actual,Retail,XAF,760.61,1.34
TCD,2025-10-15,Hadjer Lamis,Haraze-Al-Biar,Massaguet,2716,12.48,15.44,cereals and tubers,Maize (white),67,KG,actual,Retail,XAF,255,0.45
TCD,2025-10-15,Hadjer Lamis,Haraze-Al-Biar,Massaguet,2716,12.48,15.44,cereals and tubers,Rice (imported),64,KG,actual,Retail,XAF,756.6,1.33
TCD,2025-10-15,Hadjer Lamis,Haraze-Al-Biar,Massaguet,2716,12.48,15.44,cereals and tubers,Wheat flour,58,KG,actual,Retail,XAF,729.71,1.28
TCD,2025-10-15,Kanem,Kanem,Mao,230,14.12,15.31,cereals and tubers,Maize (white),67,KG,actual,Retail,XAF,266.33,0.47
TCD,2025-10-15,Kanem,Kanem,Mao,230,14.12,15.31,cereals and tubers,Rice (imported),64,KG,actual,Retail,XAF,801.78,1.41
TCD,2025-10-15,Kanem,Kanem,Mao,230,14.12,15.31,cereals and tubers,Wheat flour,58,KG,actual,Retail,XAF,805.06,1.42
TCD,2025-10-15,Lac,Kaya,Bagassola,4514,13.55,14.3,cereals and tubers,Maize (white),67,KG,actual,Retail,XAF,258.27,0.45
TCD,2025-10-15,Lac,Kaya,Bagassola,4514,13.55,14.3,cereals and tubers,Rice (imported),64,KG,actual,Retail,XAF,798.11,1.4
TCD,2025-10-15,Lac,Kaya,Bagassola,4514,13.55,14.3,cereals and tubers,Wheat flour,58,KG,actual,Retail,XAF,672.46,1.18
TCD,2025-10-15,Lac,Mamdi,Bol,229,13.5,14.68,cereals and tubers,Maize (white),67,KG,actual,Retail,XAF,274.82,0.48
TCD,2025-10-15,Lac,Mamdi,Bol,229,13.5,14.68,cereals and tubers,Rice (imported),64,KG,actual,Retail,XAF,704,1.24
TCD,2025-10-15,Lac,Mamdi,Bol,229,13.5,14.68,cereals and tubers,Wheat flour,58,KG,actual,Retail,XAF,707.85,1.24
TCD,2025-10-15,Lac,Wayi,Ngouri,2297,13.64,15.37,cereals and tubers,Maize (white),67,KG,actual,Retail,XAF,261.33,0.46
TCD,2025-10-15,Lac,Wayi,Ngouri,2297,13.64,15.37,cereals and tubers,Rice (imported),64,KG,actual,Retail,XAF,695.71,1.22
TCD,2025-10-15,Lac,Wayi,Ngouri,2297,13.64,15.37,cereals and tubers,Wheat flour,58,KG,actual,Retail,XAF,679.54,1.2
TCD,2025-10-15,Logone Occidental,Dodje,Mbaïnamar,2298,8.67,15.38,cereals and tubers,Maize (white),67,KG,actual,Retail,XAF,217.64,0.38
TCD,2025-10-15,Logone Occidental,Dodje,Mbaïnamar,2298,8.67,15.38,cereals and tubers,Rice (imported),64,KG,actual,Retail,XAF,652.9,1.15
TCD,2025-10-15,Logone Occidental,Dodje,Mbaïnamar,2298,8.67,15.38,cereals and tubers,Wheat flour,58,KG,actual,Retail,XAF,900.45,1.58
TCD,2025-10-15,Logone Occidental,Gueni,Krim Krim,2714,8.97,15.8,cereals and tubers,Maize (white),67,KG,actual,Retail,XAF,203.33,0.36
TCD,2025-10-15,Logone Occidental,Gueni,Krim Krim,2714,8.97,15.8,cereals and tubers,Wheat flour,58,KG,actual,Retail,XAF,862.44,1.52
TCD,2025-10-15,Logone Occidental,Lac Wey,Moundou,232,8.57,16.08,cereals and tubers,Rice (imported),64,KG,actual,Retail,XAF,687.01,1.21
TCD,2025-10-15,Logone Occidental,Lac Wey,Moundou,232,8.57,16.08,cereals and tubers,Wheat flour,58,KG,actual,Retail,XAF,816.93,1.44
TCD,2025-10-15,Logone Occidental,Ngourkoussou,Benoye,2292,8.99,16.32,cereals and tubers,Maize (white),67,KG,actual,Retail,XAF,226.42,0.4
TCD,2025-10-15,Logone Occidental,Ngourkoussou,Benoye,2292,8.99,16.32,cereals and tubers,Rice (imported),64,KG,actual,Retail,XAF,623.73,1.1
TCD,2025-10-15,Logone Occidental,Ngourkoussou,Benoye,2292,8.99,16.32,cereals and tubers,Wheat flour,58,KG,actual,Retail,XAF,861.3,1.51
TCD,2025-10-15,Logone Oriental,Kouh-Est,Bodo,2710,8.29,17.14,cereals and tubers,Maize (white),67,KG,actual,Retail,XAF,224.8,0.4
TCD,2025-10-15,Logone Oriental,Kouh-Est,Bodo,2710,8.29,17.14,cereals and tubers,Rice (imported),64,KG,actual,Retail,XAF,596.52,1.05
TCD,2025-10-15,Logone Oriental,Kouh-Est,Bodo,2710,8.29,17.14,cereals and tubers,Wheat flour,58,KG,actual,Retail,XAF,816.59,1.44
TCD,2025-10-15,Logone Oriental,La Nya,Bebedja,2708,8.67,16.57,cereals and tubers,Maize (white),67,KG,actual,Retail,XAF,214.28,0.38
TCD,2025-10-15,Logone Oriental,La Nya,Bebedja,2708,8.67,16.57,cereals and tubers,Wheat flour,58,KG,actual,Retail,XAF,801.59,1.41
TCD,2025-10-15,Logone Oriental,La Nya Pendm,Gore,236,7.92,16.63,cereals and tubers,Maize (white),67,KG,actual,Retail,XAF,248.97,0.44
TCD,2025-10-15,Logone Oriental,La Nya Pendm,Gore,236,7.92,16.63,cereals and tubers,Rice (imported),64,KG,actual,Retail,XAF,643.53,1.13
TCD,2025-10-15,Logone Oriental,La Nya Pendm,Gore,236,7.92,16.63,cereals and tubers,Wheat flour,58,KG,actual,Retail,XAF,835.2,1.47
TCD,2025-10-15,Logone Oriental,La Pend,Doba,2293,8.67,16.86,cereals and tubers,Maize (white),67,KG,actual,Retail,XAF,247.2,0.43
TCD,2025-10-15,Logone Oriental,La Pend,Doba,2293,8.67,16.86,cereals and tubers,Wheat flour,58,KG,actual,Retail,XAF,797.18,1.4
TCD,2025-10-15,Logone Oriental,Monts de Lam,Mbaïbokoum,2303,7.74,15.69,cereals and tubers,Maize (white),67,KG,actual,Retail,XAF,232.74,0.41
TCD,2025-10-15,Logone Oriental,Monts de Lam,Mbaïbokoum,2303,7.74,15.69,cereals and tubers,Rice (imported),64,KG,actual,Retail,XAF,611.73,1.08
TCD,2025-10-15,Logone Oriental,Monts de Lam,Mbaïbokoum,2303,7.74,15.69,cereals and tubers,Wheat flour,58,KG,actual,Retail,XAF,890.42,1.57
TCD,2025-10-15,Mandoul,Barh-Sara,Moissala,2283,8.34,17.76,cereals and tubers,Maize (white),67,KG,actual,Retail,XAF,188.43,0.33
TCD,2025-10-15,Mandoul,Barh-Sara,Moissala,2283,8.34,17.76,cereals and tubers,Rice (imported),64,KG,actual,Retail,XAF,714.75,1.26
TCD,2025-10-15,Mandoul,Mandoul Occidental,Bedjondo,4509,8.61,17.19,cereals and tubers,Maize (white),67,KG,actual,Retail,XAF,170.23,0.3
TCD,2025-10-15,Mandoul,Mandoul Occidental,Bedjondo,4509,8.61,17.19,cereals and tubers,Wheat flour,58,KG,actual,Retail,XAF,856.14,1.51
TCD,2025-10-15,Mandoul,Mandoul Occidental,Peni,2284,8.8,17.3,cereals and tubers,Maize (white),67,KG,actual,Retail,XAF,161.72,0.28
TCD,2025-10-15,Mandoul,Mandoul Occidental,Peni,2284,8.8,17.3,cereals and tubers,Rice (imported),64,KG,actual,Retail,XAF,680.15,1.2
TCD,2025-10-15,Mandoul,Mandoul Oriental,Koumra,2282,8.92,17.55,cereals and tubers,Maize (white),67,KG,actual,Retail,XAF,179.19,0.32
TCD,2025-10-15,Mandoul,Mandoul Oriental,Koumra,2282,8.92,17.55,cereals and tubers,Rice (imported),64,KG,actual,Retail,XAF,724.96,1.28
TCD,2025-10-15,Mayo Kebbi Est,Kabia,Pont Karol,4473,9.59,15.49,cereals and tubers,Maize (white),67,KG,actual,Retail,XAF,170.94,0.3
TCD,2025-10-15,Mayo Kebbi Est,Kabia,Pont Karol,4473,9.59,15.49,cereals and tubers,Rice (imported),64,KG,actual,Retail,XAF,628.06,1.1
TCD,2025-10-15,Mayo Kebbi Est,Kabia,Pont Karol,4473,9.59,15.49,cereals and tubers,Wheat flour,58,KG,actual,Retail,XAF,875.45,1.54
TCD,2025-10-15,Mayo Kebbi Est,Mayo Boneye,Bongor,1964,10.28,15.39,cereals and tubers,Maize (white),67,KG,actual,Retail,XAF,184.8,0.33
TCD,2025-10-15,Mayo Kebbi Est,Mayo Boneye,Bongor,1964,10.28,15.39,cereals and tubers,Rice (imported),64,KG,actual,Retail,XAF,641,1.13
TCD,2025-10-15,Mayo Kebbi Est,Mayo Boneye,Bongor,1964,10.28,15.39,cereals and tubers,Wheat flour,58,KG,actual,Retail,XAF,934.38,1.64
TCD,2025-10-15,Mayo Kebbi Est,Mayo-Lemi,Gueledeng,2712,10.92,15.54,cereals and tubers,Rice (imported),64,KG,actual,Retail,XAF,581.38,1.02
TCD,2025-10-15,Mayo Kebbi Est,Mont Illi,Fianga,2711,9.92,15.12,cereals and tubers,Maize (white),67,KG,actual,Retail,XAF,191.4,0.34
TCD,2025-10-15,Mayo Kebbi Est,Mont Illi,Fianga,2711,9.92,15.12,cereals and tubers,Wheat flour,58,KG,actual,Retail,XAF,864.54,1.52
TCD,2025-10-15,Mayo Kebbi Ouest,Lac-LBrn,Lere,2721,9.66,14.22,cereals and tubers,Maize (white),67,KG,actual,Retail,XAF,168.3,0.3
TCD,2025-10-15,Mayo Kebbi Ouest,Lac-LBrn,Lere,2721,9.66,14.22,cereals and tubers,Rice (imported),64,KG,actual,Retail,XAF,664.5,1.17
TCD,2025-10-15,Mayo Kebbi Ouest,Lac-LBrn,Lere,2721,9.66,14.22,cereals and tubers,Wheat flour,58,KG,actual,Retail,XAF,920.45,1.62
TCD,2025-10-15,Mayo Kebbi Ouest,Mayo Binder,Binder,8408,9.96,14.47,cereals and tubers,Maize (white),67,KG,actual,Retail,XAF,161.57,0.28
TCD,2025-10-15,Mayo Kebbi Ouest,Mayo Binder,Binder,8408,9.96,14.47,cereals and tubers,Rice (imported),64,KG,actual,Retail,XAF,681.5,1.2
TCD,2025-10-15,Mayo Kebbi Ouest,Mayo Binder,Binder,8408,9.96,14.47,cereals and tubers,Wheat flour,58,KG,actual,Retail,XAF,876.59,1.54
TCD,2025-10-15,Mayo Kebbi Ouest,Mayo-Dallah,Pala,2288,9.37,14.91,cereals and tubers,Rice (imported),64,KG,actual,Retail,XAF,623.74,1.1
TCD,2025-10-15,Mayo Kebbi Ouest,Mayo-Dallah,Pala,2288,9.37,14.91,cereals and tubers,Wheat flour,58,KG,actual,Retail,XAF,858.64,1.51
TCD,2025-10-15,Moyen Chari,Barh-K h,Sarh,235,9.14,18.39,cereals and tubers,Maize (white),67,KG,actual,Retail,XAF,180.51,0.32
TCD,2025-10-15,Moyen Chari,Barh-K h,Sarh,235,9.14,18.39,cereals and tubers,Rice (imported),64,KG,actual,Retail,XAF,723.24,1.27
TCD,2025-10-15,Moyen Chari,Barh-K h,Sarh,235,9.14,18.39,cereals and tubers,Wheat flour,58,KG,actual,Retail,XAF,684.74,1.2
TCD,2025-10-15,Moyen Chari,Grande Sido,Danamadji,5618,8.75,18.55,cereals and tubers,Maize (white),67,KG,actual,Retail,XAF,150.48,0.26
TCD,2025-10-15,Moyen Chari,Grande Sido,Danamadji,5618,8.75,18.55,cereals and tubers,Rice (imported),64,KG,actual,Retail,XAF,651.07,1.15
TCD,2025-10-15,Moyen Chari,Grande Sido,Danamadji,5618,8.75,18.55,cereals and tubers,Wheat flour,58,KG,actual,Retail,XAF,659.1,1.16
TCD,2025-10-15,Moyen Chari,Grande Sido,Maro,2285,8.42,18.77,cereals and tubers,Maize (white),67,KG,actual,Retail,XAF,142.96,0.25
TCD,2025-10-15,Moyen Chari,Grande Sido,Maro,2285,8.42,18.77,cereals and tubers,Rice (imported),64,KG,actual,Retail,XAF,632.56,1.11
TCD,2025-10-15,Moyen Chari,Grande Sido,Maro,2285,8.42,18.77,cereals and tubers,Wheat flour,58,KG,actual,Retail,XAF,593.19,1.04
TCD,2025-10-15,Moyen Chari,Grande Sido,Sido,4471,8.25,18.71,cereals and tubers,Maize (white),67,KG,actual,Retail,XAF,147.47,0.26
TCD,2025-10-15,Moyen Chari,Grande Sido,Sido,4471,8.25,18.71,cereals and tubers,Rice (imported),64,KG,actual,Retail,XAF,651.38,1.15
TCD,2025-10-15,Moyen Chari,Grande Sido,Sido,4471,8.25,18.71,cereals and tubers,Wheat flour,58,KG,actual,Retail,XAF,606.37,1.07
TCD,2025-10-15,Moyen Chari,Lac Iro,Kyabe,2281,9.45,18.94,cereals and tubers,Maize (white),67,KG,actual,Retail,XAF,152.13,0.27
TCD,2025-10-15,Moyen Chari,Lac Iro,Kyabe,2281,9.45,18.94,cereals and tubers,Rice (imported),64,KG,actual,Retail,XAF,678.64,1.19
TCD,2025-10-15,Ndjaména,Ndjamena,Dembe,11368,12.1,15.08,cereals and tubers,Maize (white),67,KG,actual,Retail,XAF,363.42,0.64
TCD,2025-10-15,Ndjaména,Ndjamena,Dembe,11368,12.1,15.08,cereals and tubers,Rice (imported),64,KG,actual,Retail,XAF,660.48,1.16
TCD,2025-10-15,Ndjaména,Ndjamena,Dembe,11368,12.1,15.08,cereals and tubers,Wheat flour,58,KG,actual,Retail,XAF,707.29,1.24
TCD,2025-10-15,Ndjaména,Ndjamena,N'djamena (Atrone),4515,12.09,15.13,cereals and tubers,Maize (white),67,KG,actual,Retail,XAF,358.18,0.63
TCD,2025-10-15,Ndjaména,Ndjamena,N'djamena (Atrone),4515,12.09,15.13,cereals and tubers,Rice (imported),64,KG,actual,Retail,XAF,677.99,1.19
TCD,2025-10-15,Ndjaména,Ndjamena,N'djamena (Atrone),4515,12.09,15.13,cereals and tubers,Wheat flour,58,KG,actual,Retail,XAF,698.36,1.23
TCD,2025-10-15,Ndjaména,Ndjamena,Ndjamena (Marche A Mil),4480,12.11,15.06,cereals and tubers,Maize (white),67,KG,actual,Retail,XAF,359.67,0.63
TCD,2025-10-15,Ndjaména,Ndjamena,Ndjamena (Marche A Mil),4480,12.11,15.06,cereals and tubers,Rice (imported),64,KG,actual,Retail,XAF,645.49,1.14
TCD,2025-10-15,Ndjaména,Ndjamena,Ndjamena (Marche A Mil),4480,12.11,15.06,cereals and tubers,Wheat flour,58,KG,actual,Retail,XAF,721.07,1.27
TCD,2025-10-15,Ouaddai,Assongha,Adre,4519,13.46,22.19,cereals and tubers,Rice (imported),64,KG,actual,Retail,XAF,839.1,1.48
TCD,2025-10-15,Ouaddai,Assongha,Adre,4519,13.46,22.19,cereals and tubers,Wheat flour,58,KG,actual,Retail,XAF,975,1.71
TCD,2025-10-15,Ouaddai,Ouara,Abeche,228,13.82,20.82,cereals and tubers,Maize (white),67,KG,actual,Retail,XAF,375,0.66
TCD,2025-10-15,Ouaddai,Ouara,Abeche,228,13.82,20.82,cereals and tubers,Rice (imported),64,KG,actual,Retail,XAF,949.95,1.67
TCD,2025-10-15,Ouaddai,Ouara,Abeche,228,13.82,20.82,cereals and tubers,Wheat flour,58,KG,actual,Retail,XAF,840.67,1.48
TCD,2025-10-15,Salamat,Aboudeia,Aboudeia,2286,11.45,19.28,cereals and tubers,Maize (white),67,KG,actual,Retail,XAF,124.28,0.22
TCD,2025-10-15,Salamat,Aboudeia,Aboudeia,2286,11.45,19.28,cereals and tubers,Rice (imported),64,KG,actual,Retail,XAF,676.43,1.19
TCD,2025-10-15,Salamat,Aboudeia,Aboudeia,2286,11.45,19.28,cereals and tubers,Wheat flour,58,KG,actual,Retail,XAF,737.65,1.3
TCD,2025-10-15,Salamat,Barh-Azoum,Am Timan,1962,11.04,20.28,cereals and tubers,Maize (white),67,KG,actual,Retail,XAF,149.82,0.26
TCD,2025-10-15,Salamat,Barh-Azoum,Am Timan,1962,11.04,20.28,cereals and tubers,Rice (imported),64,KG,actual,Retail,XAF,743.39,1.31
TCD,2025-10-15,Salamat,Barh-Azoum,Am Timan,1962,11.04,20.28,cereals and tubers,Wheat flour,58,KG,actual,Retail,XAF,768.3,1.35
TCD,2025-10-15,Sila,Kimiti,Goz Beida,2290,12.23,21.41,cereals and tubers,Maize (white),67,KG,actual,Retail,XAF,169.5,0.3
TCD,2025-10-15,Sila,Kimiti,Goz Beida,2290,12.23,21.41,cereals and tubers,Rice (imported),64,KG,actual,Retail,XAF,859.28,1.51
TCD,2025-10-15,Sila,Kimiti,Goz Beida,2290,12.23,21.41,cereals and tubers,Wheat flour,58,KG,actual,Retail,XAF,809.33,1.42
TCD,2025-10-15,Tandjile,Tandjile-Centre,Bere,4508,9.31,16.15,cereals and tubers,Maize (white),67,KG,actual,Retail,XAF,245.12,0.43
TCD,2025-10-15,Tandjile,Tandjile-Centre,Bere,4508,9.31,16.15,cereals and tubers,Rice (imported),64,KG,actual,Retail,XAF,638.86,1.12
TCD,2025-10-15,Tandjile,Tandjile-Centre,Bere,4508,9.31,16.15,cereals and tubers,Wheat flour,58,KG,actual,Retail,XAF,934.77,1.64
TCD,2025-10-15,Tandjile,Tandjile-Est,Laï,2289,9.4,16.31,cereals and tubers,Maize (white),67,KG,actual,Retail,XAF,258.14,0.45
TCD,2025-10-15,Tandjile,Tandjile-Est,Laï,2289,9.4,16.31,cereals and tubers,Rice (imported),64,KG,actual,Retail,XAF,646.21,1.14
TCD,2025-10-15,Tandjile,Tandjile-Est,Laï,2289,9.4,16.31,cereals and tubers,Wheat flour,58,KG,actual,Retail,XAF,878.86,1.55
TCD,2025-10-15,Tandjile,Tandjile-Ouest,Kélo,1963,9.31,15.8,cereals and tubers,Maize (white),67,KG,actual,Retail,XAF,252.51,0.44
TCD,2025-10-15,Tandjile,Tandjile-Ouest,Kélo,1963,9.31,15.8,cereals and tubers,Rice (imported),64,KG,actual,Retail,XAF,632.38,1.11
TCD,2025-10-15,Wadi Fira,Biltine,Biltine,2294,14.54,20.91,cereals and tubers,Wheat flour,58,KG,actual,Retail,XAF,781.6,1.37
TCD,2025-10-15,Wadi Fira,Dar-Tama,Guereda,2713,14.52,22.09,cereals and tubers,Rice (imported),64,KG,actual,Retail,XAF,848.97,1.49
TCD,2025-10-15,Wadi Fira,Dar-Tama,Guereda,2713,14.52,22.09,cereals and tubers,Wheat flour,58,KG,actual,Retail,XAF,803.33,1.41
TCD,2025-10-15,Wadi Fira,Iriba,Iriba,2300,15.13,22.25,cereals and tubers,Rice (imported),64,KG,actual,Retail,XAF,938.28,1.65
TCD,2025-10-15,Wadi Fira,Iriba,Iriba,2300,15.13,22.25,cereals and tubers,Wheat flour,58,KG,actual,Retail,XAF,799.67,1.41
TCD,2025-11-15,Barh El Gazal,Barh El Gazel Sud,Moussoro,233,13.64,16.49,cereals and tubers,Rice (imported),64,KG,actual,Retail,XAF,653.87,1.16
TCD,2025-11-15,Barh El Gazal,Barh El Gazel Sud,Moussoro,233,13.64,16.49,cereals and tubers,Wheat flour,58,KG,actual,Retail,XAF,740.23,1.31
TCD,2025-11-15,Batha,Batha-Est,Oumhadjer,5623,13.23,19.24,cereals and tubers,Maize (white),67,KG,actual,Retail,XAF,243.87,0.43
TCD,2025-11-15,Batha,Batha-Est,Oumhadjer,5623,13.23,19.24,cereals and tubers,Rice (imported),64,KG,actual,Retail,XAF,651.93,1.16
TCD,2025-11-15,Batha,Batha-Ouest,Ati,2279,13.21,18.33,cereals and tubers,Maize (white),67,KG,actual,Retail,XAF,230.42,0.41
TCD,2025-11-15,Batha,Batha-Ouest,Ati,2279,13.21,18.33,cereals and tubers,Rice (imported),64,KG,actual,Retail,XAF,644.4,1.14
TCD,2025-11-15,Batha,Batha-Ouest,Ati,2279,13.21,18.33,cereals and tubers,Wheat flour,58,KG,actual,Retail,XAF,745.14,1.32
TCD,2025-11-15,Batha,Fitri,Yao,2722,12.85,17.56,cereals and tubers,Maize (white),67,KG,actual,Retail,XAF,221.2,0.39
TCD,2025-11-15,Batha,Fitri,Yao,2722,12.85,17.56,cereals and tubers,Rice (imported),64,KG,actual,Retail,XAF,673.64,1.19
TCD,2025-11-15,Batha,Fitri,Yao,2722,12.85,17.56,cereals and tubers,Wheat flour,58,KG,actual,Retail,XAF,789.11,1.4
TCD,2025-11-15,Borkou,Borkou,Faya,4498,17.92,19.11,cereals and tubers,Wheat flour,58,KG,actual,Retail,XAF,1000,1.77
TCD,2025-11-15,Chari Baguirmi,Baguirmi,Dourbali,4500,11.79,15.86,cereals and tubers,Maize (white),67,KG,actual,Retail,XAF,223.59,0.4
TCD,2025-11-15,Chari Baguirmi,Baguirmi,Dourbali,4500,11.79,15.86,cereals and tubers,Rice (imported),64,KG,actual,Retail,XAF,530.74,0.94
TCD,2025-11-15,Chari Baguirmi,Baguirmi,Dourbali,4500,11.79,15.86,cereals and tubers,Wheat flour,58,KG,actual,Retail,XAF,731.94,1.3
TCD,2025-11-15,Chari Baguirmi,Baguirmi,Massenya,2717,11.4,16.17,cereals and tubers,Maize (white),67,KG,actual,Retail,XAF,230.29,0.41
TCD,2025-11-15,Chari Baguirmi,Baguirmi,Massenya,2717,11.4,16.17,cereals and tubers,Rice (imported),64,KG,actual,Retail,XAF,519.08,0.92
TCD,2025-11-15,Chari Baguirmi,Baguirmi,Massenya,2717,11.4,16.17,cereals and tubers,Wheat flour,58,KG,actual,Retail,XAF,720.39,1.28
TCD,2025-11-15,Chari Baguirmi,Chari,Mandelia,2299,11.73,15.24,cereals and tubers,Maize (white),67,KG,actual,Retail,XAF,214.92,0.38
TCD,2025-11-15,Chari Baguirmi,Chari,Mandelia,2299,11.73,15.24,cereals and tubers,Rice (imported),64,KG,actual,Retail,XAF,521.97,0.92
TCD,2025-11-15,Chari Baguirmi,Chari,Mandelia,2299,11.73,15.24,cereals and tubers,Wheat flour,58,KG,actual,Retail,XAF,770.47,1.37
TCD,2025-11-15,Chari Baguirmi,Loug-Chari,Bousso,2287,10.48,16.71,cereals and tubers,Maize (white),67,KG,actual,Retail,XAF,221.37,0.39
TCD,2025-11-15,Chari Baguirmi,Loug-Chari,Bousso,2287,10.48,16.71,cereals and tubers,Rice (imported),64,KG,actual,Retail,XAF,669.66,1.19
TCD,2025-11-15,Chari Baguirmi,Loug-Chari,Bousso,2287,10.48,16.71,cereals and tubers,Wheat flour,58,KG,actual,Retail,XAF,746.8,1.32
TCD,2025-11-15,Ennedi Est,Amdjarass,Amdjarass,4517,16.17,22.83,cereals and tubers,Rice (imported),64,KG,actual,Retail,XAF,892.92,1.58
TCD,2025-11-15,Ennedi Est,Amdjarass,Amdjarass,4517,16.17,22.83,cereals and tubers,Wheat flour,58,KG,actual,Retail,XAF,944.33,1.67
TCD,2025-11-15,Ennedi Ouest,Fada,Fada,6104,17.18,21.58,cereals and tubers,Rice (imported),64,KG,actual,Retail,XAF,888.7,1.57
TCD,2025-11-15,Ennedi Ouest,Fada,Fada,6104,17.18,21.58,cereals and tubers,Wheat flour,58,KG,actual,Retail,XAF,977.27,1.73
TCD,2025-11-15,Guera,Abtouyour,Bitkine,2719,11.98,18.21,cereals and tubers,Maize (white),67,KG,actual,Retail,XAF,216.52,0.38
TCD,2025-11-15,Guera,Abtouyour,Bitkine,2719,11.98,18.21,cereals and tubers,Rice (imported),64,KG,actual,Retail,XAF,667.44,1.18
TCD,2025-11-15,Guera,Abtouyour,Bitkine,2719,11.98,18.21,cereals and tubers,Wheat flour,58,KG,actual,Retail,XAF,699.18,1.24
TCD,2025-11-15,Guera,Barh-Signaka,Melfi,2755,11.06,17.93,cereals and tubers,Maize (white),67,KG,actual,Retail,XAF,194.87,0.35
TCD,2025-11-15,Guera,Barh-Signaka,Melfi,2755,11.06,17.93,cereals and tubers,Rice (imported),64,KG,actual,Retail,XAF,606.97,1.08
TCD,2025-11-15,Guera,Barh-Signaka,Melfi,2755,11.06,17.93,cereals and tubers,Wheat flour,58,KG,actual,Retail,XAF,719.21,1.27
TCD,2025-11-15,Guera,Guera,Mongo,231,12.18,18.69,cereals and tubers,Maize (white),67,KG,actual,Retail,XAF,227.92,0.4
TCD,2025-11-15,Guera,Guera,Mongo,231,12.18,18.69,cereals and tubers,Rice (imported),64,KG,actual,Retail,XAF,636.43,1.13
TCD,2025-11-15,Guera,Guera,Mongo,231,12.18,18.69,cereals and tubers,Wheat flour,58,KG,actual,Retail,XAF,737.49,1.31
TCD,2025-11-15,Guera,Mangalma,Mangalme,2715,12.36,19.61,cereals and tubers,Maize (white),67,KG,actual,Retail,XAF,239.31,0.42
TCD,2025-11-15,Guera,Mangalma,Mangalme,2715,12.36,19.61,cereals and tubers,Wheat flour,58,KG,actual,Retail,XAF,740.93,1.31
TCD,2025-11-15,Hadjer Lamis,Dababa,Bokoro,2296,12.38,17.06,cereals and tubers,Maize (white),67,KG,actual,Retail,XAF,285.83,0.51
TCD,2025-11-15,Hadjer Lamis,Dababa,Bokoro,2296,12.38,17.06,cereals and tubers,Rice (imported),64,KG,actual,Retail,XAF,619.48,1.1
TCD,2025-11-15,Hadjer Lamis,Dababa,Bokoro,2296,12.38,17.06,cereals and tubers,Wheat flour,58,KG,actual,Retail,XAF,719.41,1.27
TCD,2025-11-15,Hadjer Lamis,Dagana,Massakory,2295,13,15.73,cereals and tubers,Maize (white),67,KG,actual,Retail,XAF,300.12,0.53
TCD,2025-11-15,Hadjer Lamis,Dagana,Massakory,2295,13,15.73,cereals and tubers,Rice (imported),64,KG,actual,Retail,XAF,661.7,1.17
TCD,2025-11-15,Hadjer Lamis,Dagana,Massakory,2295,13,15.73,cereals and tubers,Wheat flour,58,KG,actual,Retail,XAF,726.65,1.29
TCD,2025-11-15,Hadjer Lamis,Haraze-Al-Biar,Massaguet,2716,12.48,15.44,cereals and tubers,Maize (white),67,KG,actual,Retail,XAF,268.75,0.48
TCD,2025-11-15,Hadjer Lamis,Haraze-Al-Biar,Massaguet,2716,12.48,15.44,cereals and tubers,Rice (imported),64,KG,actual,Retail,XAF,639.64,1.13
TCD,2025-11-15,Hadjer Lamis,Haraze-Al-Biar,Massaguet,2716,12.48,15.44,cereals and tubers,Wheat flour,58,KG,actual,Retail,XAF,709.24,1.26
TCD,2025-11-15,Kanem,Kanem,Mao,230,14.12,15.31,cereals and tubers,Maize (white),67,KG,actual,Retail,XAF,285.85,0.51
TCD,2025-11-15,Kanem,Kanem,Mao,230,14.12,15.31,cereals and tubers,Rice (imported),64,KG,actual,Retail,XAF,667.05,1.18
TCD,2025-11-15,Kanem,Kanem,Mao,230,14.12,15.31,cereals and tubers,Wheat flour,58,KG,actual,Retail,XAF,766.17,1.36
TCD,2025-11-15,Lac,Kaya,Bagassola,4514,13.55,14.3,cereals and tubers,Maize (white),67,KG,actual,Retail,XAF,277.35,0.49
TCD,2025-11-15,Lac,Kaya,Bagassola,4514,13.55,14.3,cereals and tubers,Wheat flour,58,KG,actual,Retail,XAF,669.49,1.19
TCD,2025-11-15,Lac,Mamdi,Bol,229,13.5,14.68,cereals and tubers,Maize (white),67,KG,actual,Retail,XAF,285.92,0.51
TCD,2025-11-15,Lac,Mamdi,Bol,229,13.5,14.68,cereals and tubers,Rice (imported),64,KG,actual,Retail,XAF,558.55,0.99
TCD,2025-11-15,Lac,Mamdi,Bol,229,13.5,14.68,cereals and tubers,Wheat flour,58,KG,actual,Retail,XAF,704.73,1.25
TCD,2025-11-15,Lac,Wayi,Ngouri,2297,13.64,15.37,cereals and tubers,Maize (white),67,KG,actual,Retail,XAF,277.35,0.49
TCD,2025-11-15,Lac,Wayi,Ngouri,2297,13.64,15.37,cereals and tubers,Rice (imported),64,KG,actual,Retail,XAF,558.55,0.99
TCD,2025-11-15,Lac,Wayi,Ngouri,2297,13.64,15.37,cereals and tubers,Wheat flour,58,KG,actual,Retail,XAF,676.54,1.2
TCD,2025-11-15,Logone Occidental,Dodje,Mbaïnamar,2298,8.67,15.38,cereals and tubers,Maize (white),67,KG,actual,Retail,XAF,214.06,0.38
TCD,2025-11-15,Logone Occidental,Dodje,Mbaïnamar,2298,8.67,15.38,cereals and tubers,Rice (imported),64,KG,actual,Retail,XAF,650.16,1.15
TCD,2025-11-15,Logone Occidental,Dodje,Mbaïnamar,2298,8.67,15.38,cereals and tubers,Wheat flour,58,KG,actual,Retail,XAF,868.55,1.54
TCD,2025-11-15,Logone Occidental,Gueni,Krim Krim,2714,8.97,15.8,cereals and tubers,Maize (white),67,KG,actual,Retail,XAF,201.88,0.36
TCD,2025-11-15,Logone Occidental,Gueni,Krim Krim,2714,8.97,15.8,cereals and tubers,Rice (imported),64,KG,actual,Retail,XAF,608.07,1.08
TCD,2025-11-15,Logone Occidental,Gueni,Krim Krim,2714,8.97,15.8,cereals and tubers,Wheat flour,58,KG,actual,Retail,XAF,753.35,1.33
TCD,2025-11-15,Logone Occidental,Lac Wey,Moundou,232,8.57,16.08,cereals and tubers,Rice (imported),64,KG,actual,Retail,XAF,616.09,1.09
TCD,2025-11-15,Logone Occidental,Lac Wey,Moundou,232,8.57,16.08,cereals and tubers,Wheat flour,58,KG,actual,Retail,XAF,748.83,1.33
TCD,2025-11-15,Logone Occidental,Ngourkoussou,Benoye,2292,8.99,16.32,cereals and tubers,Maize (white),67,KG,actual,Retail,XAF,215.22,0.38
TCD,2025-11-15,Logone Occidental,Ngourkoussou,Benoye,2292,8.99,16.32,cereals and tubers,Rice (imported),64,KG,actual,Retail,XAF,653.29,1.16
TCD,2025-11-15,Logone Occidental,Ngourkoussou,Benoye,2292,8.99,16.32,cereals and tubers,Wheat flour,58,KG,actual,Retail,XAF,866.77,1.54
TCD,2025-11-15,Logone Oriental,Kouh-Est,Bodo,2710,8.29,17.14,cereals and tubers,Maize (white),67,KG,actual,Retail,XAF,201.89,0.36
TCD,2025-11-15,Logone Oriental,Kouh-Est,Bodo,2710,8.29,17.14,cereals and tubers,Wheat flour,58,KG,actual,Retail,XAF,881.28,1.56
TCD,2025-11-15,Logone Oriental,La Nya,Bebedja,2708,8.67,16.57,cereals and tubers,Maize (white),67,KG,actual,Retail,XAF,185.82,0.33
TCD,2025-11-15,Logone Oriental,La Nya,Bebedja,2708,8.67,16.57,cereals and tubers,Wheat flour,58,KG,actual,Retail,XAF,769.48,1.36
TCD,2025-11-15,Logone Oriental,La Nya Pendm,Gore,236,7.92,16.63,cereals and tubers,Maize (white),67,KG,actual,Retail,XAF,229.44,0.41
TCD,2025-11-15,Logone Oriental,La Nya Pendm,Gore,236,7.92,16.63,cereals and tubers,Rice (imported),64,KG,actual,Retail,XAF,617.61,1.09
TCD,2025-11-15,Logone Oriental,La Nya Pendm,Gore,236,7.92,16.63,cereals and tubers,Wheat flour,58,KG,actual,Retail,XAF,774.21,1.37
TCD,2025-11-15,Logone Oriental,La Pend,Doba,2293,8.67,16.86,cereals and tubers,Maize (white),67,KG,actual,Retail,XAF,229.82,0.41
TCD,2025-11-15,Logone Oriental,La Pend,Doba,2293,8.67,16.86,cereals and tubers,Rice (imported),64,KG,actual,Retail,XAF,580.45,1.03
TCD,2025-11-15,Logone Oriental,La Pend,Doba,2293,8.67,16.86,cereals and tubers,Wheat flour,58,KG,actual,Retail,XAF,821.99,1.46
TCD,2025-11-15,Logone Oriental,Monts de Lam,Mbaïbokoum,2303,7.74,15.69,cereals and tubers,Rice (imported),64,KG,actual,Retail,XAF,640.89,1.14
TCD,2025-11-15,Logone Oriental,Monts de Lam,Mbaïbokoum,2303,7.74,15.69,cereals and tubers,Wheat flour,58,KG,actual,Retail,XAF,792.28,1.4
TCD,2025-11-15,Mandoul,Barh-Sara,Moissala,2283,8.34,17.76,cereals and tubers,Maize (white),67,KG,actual,Retail,XAF,199.97,0.35
TCD,2025-11-15,Mandoul,Barh-Sara,Moissala,2283,8.34,17.76,cereals and tubers,Rice (imported),64,KG,actual,Retail,XAF,591.2,1.05
TCD,2025-11-15,Mandoul,Mandoul Occidental,Bedjondo,4509,8.61,17.19,cereals and tubers,Maize (white),67,KG,actual,Retail,XAF,183.37,0.32
TCD,2025-11-15,Mandoul,Mandoul Occidental,Bedjondo,4509,8.61,17.19,cereals and tubers,Rice (imported),64,KG,actual,Retail,XAF,611.29,1.08
TCD,2025-11-15,Mandoul,Mandoul Occidental,Bedjondo,4509,8.61,17.19,cereals and tubers,Wheat flour,58,KG,actual,Retail,XAF,789.38,1.4
TCD,2025-11-15,Mandoul,Mandoul Occidental,Peni,2284,8.8,17.3,cereals and tubers,Maize (white),67,KG,actual,Retail,XAF,174.21,0.31
TCD,2025-11-15,Mandoul,Mandoul Occidental,Peni,2284,8.8,17.3,cereals and tubers,Rice (imported),64,KG,actual,Retail,XAF,605.67,1.07
TCD,2025-11-15,Mandoul,Mandoul Occidental,Peni,2284,8.8,17.3,cereals and tubers,Wheat flour,58,KG,actual,Retail,XAF,785.2,1.39
TCD,2025-11-15,Mandoul,Mandoul Oriental,Koumra,2282,8.92,17.55,cereals and tubers,Maize (white),67,KG,actual,Retail,XAF,193.03,0.34
TCD,2025-11-15,Mandoul,Mandoul Oriental,Koumra,2282,8.92,17.55,cereals and tubers,Rice (imported),64,KG,actual,Retail,XAF,609.62,1.08
TCD,2025-11-15,Mandoul,Mandoul Oriental,Koumra,2282,8.92,17.55,cereals and tubers,Wheat flour,58,KG,actual,Retail,XAF,819.95,1.45
TCD,2025-11-15,Mayo Kebbi Est,Kabia,Pont Karol,4473,9.59,15.49,cereals and tubers,Maize (white),67,KG,actual,Retail,XAF,143.55,0.25
TCD,2025-11-15,Mayo Kebbi Est,Kabia,Pont Karol,4473,9.59,15.49,cereals and tubers,Rice (imported),64,KG,actual,Retail,XAF,575.82,1.02
TCD,2025-11-15,Mayo Kebbi Est,Kabia,Pont Karol,4473,9.59,15.49,cereals and tubers,Wheat flour,58,KG,actual,Retail,XAF,814.08,1.44
TCD,2025-11-15,Mayo Kebbi Est,Mayo Boneye,Bongor,1964,10.28,15.39,cereals and tubers,Maize (white),67,KG,actual,Retail,XAF,148.5,0.26
TCD,2025-11-15,Mayo Kebbi Est,Mayo Boneye,Bongor,1964,10.28,15.39,cereals and tubers,Rice (imported),64,KG,actual,Retail,XAF,624.95,1.11
TCD,2025-11-15,Mayo Kebbi Est,Mayo Boneye,Bongor,1964,10.28,15.39,cereals and tubers,Wheat flour,58,KG,actual,Retail,XAF,880.09,1.56
TCD,2025-11-15,Mayo Kebbi Est,Mayo-Lemi,Gueledeng,2712,10.92,15.54,cereals and tubers,Rice (imported),64,KG,actual,Retail,XAF,562,1
TCD,2025-11-15,Mayo Kebbi Est,Mont Illi,Fianga,2711,9.92,15.12,cereals and tubers,Maize (white),67,KG,actual,Retail,XAF,152.46,0.27
TCD,2025-11-15,Mayo Kebbi Est,Mont Illi,Fianga,2711,9.92,15.12,cereals and tubers,Wheat flour,58,KG,actual,Retail,XAF,880.09,1.56
TCD,2025-11-15,Mayo Kebbi Ouest,Lac-LBrn,Lere,2721,9.66,14.22,cereals and tubers,Maize (white),67,KG,actual,Retail,XAF,161.7,0.29
TCD,2025-11-15,Mayo Kebbi Ouest,Lac-LBrn,Lere,2721,9.66,14.22,cereals and tubers,Rice (imported),64,KG,actual,Retail,XAF,588.5,1.04
TCD,2025-11-15,Mayo Kebbi Ouest,Lac-LBrn,Lere,2721,9.66,14.22,cereals and tubers,Wheat flour,58,KG,actual,Retail,XAF,701.22,1.24
TCD,2025-11-15,Mayo Kebbi Ouest,Mayo Binder,Binder,8408,9.96,14.47,cereals and tubers,Maize (white),67,KG,actual,Retail,XAF,164.93,0.29
TCD,2025-11-15,Mayo Kebbi Ouest,Mayo Binder,Binder,8408,9.96,14.47,cereals and tubers,Rice (imported),64,KG,actual,Retail,XAF,623.99,1.11
TCD,2025-11-15,Mayo Kebbi Ouest,Mayo Binder,Binder,8408,9.96,14.47,cereals and tubers,Wheat flour,58,KG,actual,Retail,XAF,673.17,1.19
TCD,2025-11-15,Mayo Kebbi Ouest,Mayo-Dallah,Pala,2288,9.37,14.91,cereals and tubers,Rice (imported),64,KG,actual,Retail,XAF,578.57,1.03
TCD,2025-11-15,Mayo Kebbi Ouest,Mayo-Dallah,Pala,2288,9.37,14.91,cereals and tubers,Wheat flour,58,KG,actual,Retail,XAF,788.87,1.4
TCD,2025-11-15,Moyen Chari,Barh-K h,Sarh,235,9.14,18.39,cereals and tubers,Maize (white),67,KG,actual,Retail,XAF,191.55,0.34
TCD,2025-11-15,Moyen Chari,Barh-K h,Sarh,235,9.14,18.39,cereals and tubers,Rice (imported),64,KG,actual,Retail,XAF,669.45,1.19
TCD,2025-11-15,Moyen Chari,Barh-K h,Sarh,235,9.14,18.39,cereals and tubers,Wheat flour,58,KG,actual,Retail,XAF,686.96,1.22
TCD,2025-11-15,Moyen Chari,Grande Sido,Danamadji,5618,8.75,18.55,cereals and tubers,Maize (white),67,KG,actual,Retail,XAF,160.53,0.28
TCD,2025-11-15,Moyen Chari,Grande Sido,Danamadji,5618,8.75,18.55,cereals and tubers,Rice (imported),64,KG,actual,Retail,XAF,648.5,1.15
TCD,2025-11-15,Moyen Chari,Grande Sido,Danamadji,5618,8.75,18.55,cereals and tubers,Wheat flour,58,KG,actual,Retail,XAF,667.62,1.18
TCD,2025-11-15,Moyen Chari,Grande Sido,Maro,2285,8.42,18.77,cereals and tubers,Maize (white),67,KG,actual,Retail,XAF,152.51,0.27
TCD,2025-11-15,Moyen Chari,Grande Sido,Maro,2285,8.42,18.77,cereals and tubers,Rice (imported),64,KG,actual,Retail,XAF,664.25,1.18
TCD,2025-11-15,Moyen Chari,Grande Sido,Maro,2285,8.42,18.77,cereals and tubers,Wheat flour,58,KG,actual,Retail,XAF,632.74,1.12
TCD,2025-11-15,Moyen Chari,Grande Sido,Sido,4471,8.25,18.71,cereals and tubers,Maize (white),67,KG,actual,Retail,XAF,157.32,0.28
TCD,2025-11-15,Moyen Chari,Grande Sido,Sido,4471,8.25,18.71,cereals and tubers,Rice (imported),64,KG,actual,Retail,XAF,675.19,1.2
TCD,2025-11-15,Moyen Chari,Grande Sido,Sido,4471,8.25,18.71,cereals and tubers,Wheat flour,58,KG,actual,Retail,XAF,649.2,1.15
TCD,2025-11-15,Moyen Chari,Lac Iro,Kyabe,2281,9.45,18.94,cereals and tubers,Maize (white),67,KG,actual,Retail,XAF,161.63,0.29
TCD,2025-11-15,Moyen Chari,Lac Iro,Kyabe,2281,9.45,18.94,cereals and tubers,Rice (imported),64,KG,actual,Retail,XAF,676.35,1.2
TCD,2025-11-15,Ndjaména,Ndjamena,Dembe,11368,12.1,15.08,cereals and tubers,Maize (white),67,KG,actual,Retail,XAF,305.8,0.54
TCD,2025-11-15,Ndjaména,Ndjamena,Dembe,11368,12.1,15.08,cereals and tubers,Rice (imported),64,KG,actual,Retail,XAF,602.91,1.07
TCD,2025-11-15,Ndjaména,Ndjamena,Dembe,11368,12.1,15.08,cereals and tubers,Wheat flour,58,KG,actual,Retail,XAF,701.52,1.24
TCD,2025-11-15,Ndjaména,Ndjamena,N'djamena (Atrone),4515,12.09,15.13,cereals and tubers,Maize (white),67,KG,actual,Retail,XAF,302.46,0.54
TCD,2025-11-15,Ndjaména,Ndjamena,N'djamena (Atrone),4515,12.09,15.13,cereals and tubers,Rice (imported),64,KG,actual,Retail,XAF,595.73,1.06
TCD,2025-11-15,Ndjaména,Ndjamena,N'djamena (Atrone),4515,12.09,15.13,cereals and tubers,Wheat flour,58,KG,actual,Retail,XAF,695.28,1.23
TCD,2025-11-15,Ndjaména,Ndjamena,Ndjamena (Marche A Mil),4480,12.11,15.06,cereals and tubers,Maize (white),67,KG,actual,Retail,XAF,305.57,0.54
TCD,2025-11-15,Ndjaména,Ndjamena,Ndjamena (Marche A Mil),4480,12.11,15.06,cereals and tubers,Rice (imported),64,KG,actual,Retail,XAF,596.6,1.06
TCD,2025-11-15,Ndjaména,Ndjamena,Ndjamena (Marche A Mil),4480,12.11,15.06,cereals and tubers,Wheat flour,58,KG,actual,Retail,XAF,716.62,1.27
TCD,2025-11-15,Ouaddai,Assongha,Adre,4519,13.46,22.19,cereals and tubers,Rice (imported),64,KG,actual,Retail,XAF,792.2,1.4
TCD,2025-11-15,Ouaddai,Assongha,Adre,4519,13.46,22.19,cereals and tubers,Wheat flour,58,KG,actual,Retail,XAF,727.67,1.29
TCD,2025-11-15,Ouaddai,Ouara,Abeche,228,13.82,20.82,cereals and tubers,Maize (white),67,KG,actual,Retail,XAF,352,0.62
TCD,2025-11-15,Ouaddai,Ouara,Abeche,228,13.82,20.82,cereals and tubers,Rice (imported),64,KG,actual,Retail,XAF,817.58,1.45
TCD,2025-11-15,Ouaddai,Ouara,Abeche,228,13.82,20.82,cereals and tubers,Wheat flour,58,KG,actual,Retail,XAF,686,1.22
TCD,2025-11-15,Salamat,Aboudeia,Aboudeia,2286,11.45,19.28,cereals and tubers,Maize (white),67,KG,actual,Retail,XAF,102.59,0.18
TCD,2025-11-15,Salamat,Aboudeia,Aboudeia,2286,11.45,19.28,cereals and tubers,Rice (imported),64,KG,actual,Retail,XAF,727.27,1.29
TCD,2025-11-15,Salamat,Aboudeia,Aboudeia,2286,11.45,19.28,cereals and tubers,Wheat flour,58,KG,actual,Retail,XAF,924.83,1.64
TCD,2025-11-15,Salamat,Barh-Azoum,Am Timan,1962,11.04,20.28,cereals and tubers,Maize (white),67,KG,actual,Retail,XAF,135.94,0.24
TCD,2025-11-15,Salamat,Barh-Azoum,Am Timan,1962,11.04,20.28,cereals and tubers,Rice (imported),64,KG,actual,Retail,XAF,757.45,1.34
TCD,2025-11-15,Sila,Kimiti,Goz Beida,2290,12.23,21.41,cereals and tubers,Maize (white),67,KG,actual,Retail,XAF,153.6,0.27
TCD,2025-11-15,Sila,Kimiti,Goz Beida,2290,12.23,21.41,cereals and tubers,Rice (imported),64,KG,actual,Retail,XAF,777.77,1.38
TCD,2025-11-15,Sila,Kimiti,Goz Beida,2290,12.23,21.41,cereals and tubers,Wheat flour,58,KG,actual,Retail,XAF,795.45,1.41
TCD,2025-11-15,Tandjile,Tandjile-Centre,Bere,4508,9.31,16.15,cereals and tubers,Maize (white),67,KG,actual,Retail,XAF,237.47,0.42
TCD,2025-11-15,Tandjile,Tandjile-Centre,Bere,4508,9.31,16.15,cereals and tubers,Wheat flour,58,KG,actual,Retail,XAF,879,1.56
TCD,2025-11-15,Tandjile,Tandjile-Est,Laï,2289,9.4,16.31,cereals and tubers,Maize (white),67,KG,actual,Retail,XAF,250.08,0.44
TCD,2025-11-15,Tandjile,Tandjile-Est,Laï,2289,9.4,16.31,cereals and tubers,Rice (imported),64,KG,actual,Retail,XAF,636.67,1.13
TCD,2025-11-15,Tandjile,Tandjile-Est,Laï,2289,9.4,16.31,cereals and tubers,Wheat flour,58,KG,actual,Retail,XAF,834.74,1.48
TCD,2025-11-15,Tandjile,Tandjile-Ouest,Kélo,1963,9.31,15.8,cereals and tubers,Maize (white),67,KG,actual,Retail,XAF,234.59,0.42
TCD,2025-11-15,Tandjile,Tandjile-Ouest,Kélo,1963,9.31,15.8,cereals and tubers,Rice (imported),64,KG,actual,Retail,XAF,689.33,1.22
TCD,2025-11-15,Wadi Fira,Biltine,Biltine,2294,14.54,20.91,cereals and tubers,Rice (imported),64,KG,actual,Retail,XAF,748.66,1.33
TCD,2025-11-15,Wadi Fira,Biltine,Biltine,2294,14.54,20.91,cereals and tubers,Wheat flour,58,KG,actual,Retail,XAF,758,1.34
TCD,2025-11-15,Wadi Fira,Dar-Tama,Guereda,2713,14.52,22.09,cereals and tubers,Rice (imported),64,KG,actual,Retail,XAF,758.42,1.34
TCD,2025-11-15,Wadi Fira,Dar-Tama,Guereda,2713,14.52,22.09,cereals and tubers,Wheat flour,58,KG,actual,Retail,XAF,751.67,1.33
TCD,2025-11-15,Wadi Fira,Iriba,Iriba,2300,15.13,22.25,cereals and tubers,Rice (imported),64,KG,actual,Retail,XAF,837.98,1.48
TCD,2025-11-15,Wadi Fira,Iriba,Iriba,2300,15.13,22.25,cereals and tubers,Wheat flour,58,KG,actual,Retail,XAF,749,1.33
TCD,2025-12-15,Barh El Gazal,Barh El Gazel Sud,Moussoro,233,13.64,16.49,cereals and tubers,Maize (white),67,KG,actual,Retail,XAF,273,0.49
TCD,2025-12-15,Barh El Gazal,Barh El Gazel Sud,Moussoro,233,13.64,16.49,cereals and tubers,Rice (imported),64,KG,actual,Retail,XAF,579.37,1.04
TCD,2025-12-15,Barh El Gazal,Barh El Gazel Sud,Moussoro,233,13.64,16.49,cereals and tubers,Wheat flour,58,KG,actual,Retail,XAF,663.86,1.19
TCD,2025-12-15,Batha,Batha-Est,Oumhadjer,5623,13.23,19.24,cereals and tubers,Maize (white),67,KG,actual,Retail,XAF,253.25,0.45
TCD,2025-12-15,Batha,Batha-Est,Oumhadjer,5623,13.23,19.24,cereals and tubers,Rice (imported),64,KG,actual,Retail,XAF,618.54,1.11
TCD,2025-12-15,Batha,Batha-Est,Oumhadjer,5623,13.23,19.24,cereals and tubers,Wheat flour,58,KG,actual,Retail,XAF,742.24,1.33
TCD,2025-12-15,Batha,Batha-Ouest,Ati,2279,13.21,18.33,cereals and tubers,Maize (white),67,KG,actual,Retail,XAF,244.8,0.44
TCD,2025-12-15,Batha,Batha-Ouest,Ati,2279,13.21,18.33,cereals and tubers,Rice (imported),64,KG,actual,Retail,XAF,596.89,1.07
TCD,2025-12-15,Batha,Fitri,Yao,2722,12.85,17.56,cereals and tubers,Maize (white),67,KG,actual,Retail,XAF,270.98,0.48
TCD,2025-12-15,Batha,Fitri,Yao,2722,12.85,17.56,cereals and tubers,Rice (imported),64,KG,actual,Retail,XAF,634,1.13
TCD,2025-12-15,Batha,Fitri,Yao,2722,12.85,17.56,cereals and tubers,Wheat flour,58,KG,actual,Retail,XAF,759.42,1.36
TCD,2025-12-15,Borkou,Borkou,Faya,4498,17.92,19.11,cereals and tubers,Wheat flour,58,KG,actual,Retail,XAF,1135.18,2.03
TCD,2025-12-15,Chari Baguirmi,Baguirmi,Dourbali,4500,11.79,15.86,cereals and tubers,Maize (white),67,KG,actual,Retail,XAF,217.24,0.39
TCD,2025-12-15,Chari Baguirmi,Baguirmi,Dourbali,4500,11.79,15.86,cereals and tubers,Rice (imported),64,KG,actual,Retail,XAF,558.8,1
TCD,2025-12-15,Chari Baguirmi,Baguirmi,Dourbali,4500,11.79,15.86,cereals and tubers,Wheat flour,58,KG,actual,Retail,XAF,800.12,1.43
TCD,2025-12-15,Chari Baguirmi,Baguirmi,Massenya,2717,11.4,16.17,cereals and tubers,Maize (white),67,KG,actual,Retail,XAF,213.81,0.38
TCD,2025-12-15,Chari Baguirmi,Baguirmi,Massenya,2717,11.4,16.17,cereals and tubers,Rice (imported),64,KG,actual,Retail,XAF,544.27,0.97
TCD,2025-12-15,Chari Baguirmi,Baguirmi,Massenya,2717,11.4,16.17,cereals and tubers,Wheat flour,58,KG,actual,Retail,XAF,900.16,1.61
TCD,2025-12-15,Chari Baguirmi,Chari,Mandelia,2299,11.73,15.24,cereals and tubers,Maize (white),67,KG,actual,Retail,XAF,228.68,0.41
TCD,2025-12-15,Chari Baguirmi,Chari,Mandelia,2299,11.73,15.24,cereals and tubers,Rice (imported),64,KG,actual,Retail,XAF,545.3,0.98
TCD,2025-12-15,Chari Baguirmi,Chari,Mandelia,2299,11.73,15.24,cereals and tubers,Wheat flour,58,KG,actual,Retail,XAF,805.45,1.44
TCD,2025-12-15,Chari Baguirmi,Loug-Chari,Bousso,2287,10.48,16.71,cereals and tubers,Maize (white),67,KG,actual,Retail,XAF,233.51,0.42
TCD,2025-12-15,Chari Baguirmi,Loug-Chari,Bousso,2287,10.48,16.71,cereals and tubers,Rice (imported),64,KG,actual,Retail,XAF,636.36,1.14
TCD,2025-12-15,Chari Baguirmi,Loug-Chari,Bousso,2287,10.48,16.71,cereals and tubers,Wheat flour,58,KG,actual,Retail,XAF,900.69,1.61
TCD,2025-12-15,Ennedi Est,Amdjarass,Amdjarass,4517,16.17,22.83,cereals and tubers,Rice (imported),64,KG,actual,Retail,XAF,773.17,1.38
TCD,2025-12-15,Ennedi Est,Amdjarass,Amdjarass,4517,16.17,22.83,cereals and tubers,Wheat flour,58,KG,actual,Retail,XAF,951.2,1.7
TCD,2025-12-15,Ennedi Ouest,Fada,Fada,6104,17.18,21.58,cereals and tubers,Rice (imported),64,KG,actual,Retail,XAF,963.62,1.72
TCD,2025-12-15,Ennedi Ouest,Fada,Fada,6104,17.18,21.58,cereals and tubers,Wheat flour,58,KG,actual,Retail,XAF,908.15,1.62
TCD,2025-12-15,Guera,Abtouyour,Bitkine,2719,11.98,18.21,cereals and tubers,Maize (white),67,KG,actual,Retail,XAF,267.92,0.48
TCD,2025-12-15,Guera,Abtouyour,Bitkine,2719,11.98,18.21,cereals and tubers,Rice (imported),64,KG,actual,Retail,XAF,627.82,1.12
TCD,2025-12-15,Guera,Abtouyour,Bitkine,2719,11.98,18.21,cereals and tubers,Wheat flour,58,KG,actual,Retail,XAF,659,1.18
TCD,2025-12-15,Guera,Barh-Signaka,Melfi,2755,11.06,17.93,cereals and tubers,Rice (imported),64,KG,actual,Retail,XAF,572.92,1.02
TCD,2025-12-15,Guera,Barh-Signaka,Melfi,2755,11.06,17.93,cereals and tubers,Wheat flour,58,KG,actual,Retail,XAF,593.1,1.06
TCD,2025-12-15,Guera,Guera,Mongo,231,12.18,18.69,cereals and tubers,Maize (white),67,KG,actual,Retail,XAF,286.67,0.51
TCD,2025-12-15,Guera,Guera,Mongo,231,12.18,18.69,cereals and tubers,Rice (imported),64,KG,actual,Retail,XAF,587.61,1.05
TCD,2025-12-15,Guera,Guera,Mongo,231,12.18,18.69,cereals and tubers,Wheat flour,58,KG,actual,Retail,XAF,693.68,1.24
TCD,2025-12-15,Guera,Mangalma,Mangalme,2715,12.36,19.61,cereals and tubers,Maize (white),67,KG,actual,Retail,XAF,340.4,0.61
TCD,2025-12-15,Guera,Mangalma,Mangalme,2715,12.36,19.61,cereals and tubers,Wheat flour,58,KG,actual,Retail,XAF,728.36,1.3
TCD,2025-12-15,Hadjer Lamis,Dababa,Bokoro,2296,12.38,17.06,cereals and tubers,Maize (white),67,KG,actual,Retail,XAF,250.62,0.45
TCD,2025-12-15,Hadjer Lamis,Dababa,Bokoro,2296,12.38,17.06,cereals and tubers,Rice (imported),64,KG,actual,Retail,XAF,546.38,0.98
TCD,2025-12-15,Hadjer Lamis,Dababa,Bokoro,2296,12.38,17.06,cereals and tubers,Wheat flour,58,KG,actual,Retail,XAF,590.91,1.06
TCD,2025-12-15,Hadjer Lamis,Dagana,Massakory,2295,13,15.73,cereals and tubers,Maize (white),67,KG,actual,Retail,XAF,260,0.47
TCD,2025-12-15,Hadjer Lamis,Dagana,Massakory,2295,13,15.73,cereals and tubers,Rice (imported),64,KG,actual,Retail,XAF,577.3,1.03
TCD,2025-12-15,Hadjer Lamis,Dagana,Massakory,2295,13,15.73,cereals and tubers,Wheat flour,58,KG,actual,Retail,XAF,632.25,1.13
TCD,2025-12-15,Hadjer Lamis,Haraze-Al-Biar,Massaguet,2716,12.48,15.44,cereals and tubers,Maize (white),67,KG,actual,Retail,XAF,245.62,0.44
TCD,2025-12-15,Hadjer Lamis,Haraze-Al-Biar,Massaguet,2716,12.48,15.44,cereals and tubers,Rice (imported),64,KG,actual,Retail,XAF,618.54,1.11
TCD,2025-12-15,Hadjer Lamis,Haraze-Al-Biar,Massaguet,2716,12.48,15.44,cereals and tubers,Wheat flour,58,KG,actual,Retail,XAF,632.25,1.13
TCD,2025-12-15,Kanem,Kanem,Mao,230,14.12,15.31,cereals and tubers,Maize (white),67,KG,actual,Retail,XAF,282.01,0.5
TCD,2025-12-15,Kanem,Kanem,Mao,230,14.12,15.31,cereals and tubers,Rice (imported),64,KG,actual,Retail,XAF,608.33,1.09
TCD,2025-12-15,Kanem,Kanem,Mao,230,14.12,15.31,cereals and tubers,Wheat flour,58,KG,actual,Retail,XAF,760.86,1.36
TCD,2025-12-15,Lac,Kaya,Bagassola,4514,13.55,14.3,cereals and tubers,Maize (white),67,KG,actual,Retail,XAF,254.69,0.46
TCD,2025-12-15,Lac,Kaya,Bagassola,4514,13.55,14.3,cereals and tubers,Rice (imported),64,KG,actual,Retail,XAF,648.72,1.16
TCD,2025-12-15,Lac,Kaya,Bagassola,4514,13.55,14.3,cereals and tubers,Wheat flour,58,KG,actual,Retail,XAF,661.62,1.18
TCD,2025-12-15,Lac,Mamdi,Bol,229,13.5,14.68,cereals and tubers,Maize (white),67,KG,actual,Retail,XAF,268.09,0.48
TCD,2025-12-15,Lac,Mamdi,Bol,229,13.5,14.68,cereals and tubers,Rice (imported),64,KG,actual,Retail,XAF,564.11,1.01
TCD,2025-12-15,Lac,Mamdi,Bol,229,13.5,14.68,cereals and tubers,Wheat flour,58,KG,actual,Retail,XAF,682.08,1.22
TCD,2025-12-15,Lac,Wayi,Ngouri,2297,13.64,15.37,cereals and tubers,Maize (white),67,KG,actual,Retail,XAF,257.37,0.46
TCD,2025-12-15,Lac,Wayi,Ngouri,2297,13.64,15.37,cereals and tubers,Rice (imported),64,KG,actual,Retail,XAF,558.23,1
TCD,2025-12-15,Lac,Wayi,Ngouri,2297,13.64,15.37,cereals and tubers,Wheat flour,58,KG,actual,Retail,XAF,661.62,1.18
TCD,2025-12-15,Logone Occidental,Dodje,Mbaïnamar,2298,8.67,15.38,cereals and tubers,Maize (white),67,KG,actual,Retail,XAF,203.99,0.36
TCD,2025-12-15,Logone Occidental,Dodje,Mbaïnamar,2298,8.67,15.38,cereals and tubers,Rice (imported),64,KG,actual,Retail,XAF,575.29,1.03
TCD,2025-12-15,Logone Occidental,Dodje,Mbaïnamar,2298,8.67,15.38,cereals and tubers,Wheat flour,58,KG,actual,Retail,XAF,817.43,1.46
TCD,2025-12-15,Logone Occidental,Gueni,Krim Krim,2714,8.97,15.8,cereals and tubers,Maize (white),67,KG,actual,Retail,XAF,167.05,0.3
TCD,2025-12-15,Logone Occidental,Gueni,Krim Krim,2714,8.97,15.8,cereals and tubers,Rice (imported),64,KG,actual,Retail,XAF,556.06,0.99
TCD,2025-12-15,Logone Occidental,Gueni,Krim Krim,2714,8.97,15.8,cereals and tubers,Wheat flour,58,KG,actual,Retail,XAF,696.82,1.25
TCD,2025-12-15,Logone Occidental,Lac Wey,Moundou,232,8.57,16.08,cereals and tubers,Maize (white),67,KG,actual,Retail,XAF,200.84,0.36
TCD,2025-12-15,Logone Occidental,Lac Wey,Moundou,232,8.57,16.08,cereals and tubers,Rice (imported),64,KG,actual,Retail,XAF,522.74,0.94
TCD,2025-12-15,Logone Occidental,Lac Wey,Moundou,232,8.57,16.08,cereals and tubers,Wheat flour,58,KG,actual,Retail,XAF,695.81,1.24
TCD,2025-12-15,Logone Occidental,Ngourkoussou,Benoye,2292,8.99,16.32,cereals and tubers,Maize (white),67,KG,actual,Retail,XAF,220,0.39
TCD,2025-12-15,Logone Occidental,Ngourkoussou,Benoye,2292,8.99,16.32,cereals and tubers,Rice (imported),64,KG,actual,Retail,XAF,584.39,1.05
TCD,2025-12-15,Logone Occidental,Ngourkoussou,Benoye,2292,8.99,16.32,cereals and tubers,Wheat flour,58,KG,actual,Retail,XAF,792.34,1.42
TCD,2025-12-15,Logone Oriental,Kouh-Est,Bodo,2710,8.29,17.14,cereals and tubers,Maize (white),67,KG,actual,Retail,XAF,170.42,0.3
TCD,2025-12-15,Logone Oriental,Kouh-Est,Bodo,2710,8.29,17.14,cereals and tubers,Wheat flour,58,KG,actual,Retail,XAF,646.23,1.16
TCD,2025-12-15,Logone Oriental,La Nya,Bebedja,2708,8.67,16.57,cereals and tubers,Maize (white),67,KG,actual,Retail,XAF,148.57,0.27
TCD,2025-12-15,Logone Oriental,La Nya,Bebedja,2708,8.67,16.57,cereals and tubers,Wheat flour,58,KG,actual,Retail,XAF,590.13,1.06
TCD,2025-12-15,Logone Oriental,La Nya Pendm,Gore,236,7.92,16.63,cereals and tubers,Maize (white),67,KG,actual,Retail,XAF,195.49,0.35
TCD,2025-12-15,Logone Oriental,La Nya Pendm,Gore,236,7.92,16.63,cereals and tubers,Rice (imported),64,KG,actual,Retail,XAF,551.54,0.99
TCD,2025-12-15,Logone Oriental,La Nya Pendm,Gore,236,7.92,16.63,cereals and tubers,Wheat flour,58,KG,actual,Retail,XAF,682.53,1.22
TCD,2025-12-15,Logone Oriental,La Pend,Doba,2293,8.67,16.86,cereals and tubers,Maize (white),67,KG,actual,Retail,XAF,198.13,0.35
TCD,2025-12-15,Logone Oriental,La Pend,Doba,2293,8.67,16.86,cereals and tubers,Rice (imported),64,KG,actual,Retail,XAF,494.41,0.88
TCD,2025-12-15,Logone Oriental,La Pend,Doba,2293,8.67,16.86,cereals and tubers,Wheat flour,58,KG,actual,Retail,XAF,693.05,1.24
TCD,2025-12-15,Logone Oriental,Monts de Lam,Mbaïbokoum,2303,7.74,15.69,cereals and tubers,Rice (imported),64,KG,actual,Retail,XAF,543.09,0.97
TCD,2025-12-15,Logone Oriental,Monts de Lam,Mbaïbokoum,2303,7.74,15.69,cereals and tubers,Wheat flour,58,KG,actual,Retail,XAF,635.6,1.14
TCD,2025-12-15,Mandoul,Barh-Sara,Moissala,2283,8.34,17.76,cereals and tubers,Maize (white),67,KG,actual,Retail,XAF,177.43,0.32
TCD,2025-12-15,Mandoul,Barh-Sara,Moissala,2283,8.34,17.76,cereals and tubers,Rice (imported),64,KG,actual,Retail,XAF,524.58,0.94
TCD,2025-12-15,Mandoul,Barh-Sara,Moissala,2283,8.34,17.76,cereals and tubers,Wheat flour,58,KG,actual,Retail,XAF,765.59,1.37
TCD,2025-12-15,Mandoul,Mandoul Occidental,Bedjondo,4509,8.61,17.19,cereals and tubers,Maize (white),67,KG,actual,Retail,XAF,176.42,0.32
TCD,2025-12-15,Mandoul,Mandoul Occidental,Bedjondo,4509,8.61,17.19,cereals and tubers,Rice (imported),64,KG,actual,Retail,XAF,543,0.97
TCD,2025-12-15,Mandoul,Mandoul Occidental,Bedjondo,4509,8.61,17.19,cereals and tubers,Wheat flour,58,KG,actual,Retail,XAF,722.63,1.29
TCD,2025-12-15,Mandoul,Mandoul Occidental,Peni,2284,8.8,17.3,cereals and tubers,Maize (white),67,KG,actual,Retail,XAF,167.6,0.3
TCD,2025-12-15,Mandoul,Mandoul Occidental,Peni,2284,8.8,17.3,cereals and tubers,Rice (imported),64,KG,actual,Retail,XAF,531.18,0.95
TCD,2025-12-15,Mandoul,Mandoul Oriental,Koumra,2282,8.92,17.55,cereals and tubers,Maize (white),67,KG,actual,Retail,XAF,185.71,0.33
TCD,2025-12-15,Mandoul,Mandoul Oriental,Koumra,2282,8.92,17.55,cereals and tubers,Rice (imported),64,KG,actual,Retail,XAF,514.07,0.92
TCD,2025-12-15,Mayo Kebbi Est,Kabia,Pont Karol,4473,9.59,15.49,cereals and tubers,Maize (white),67,KG,actual,Retail,XAF,187.18,0.33
TCD,2025-12-15,Mayo Kebbi Est,Kabia,Pont Karol,4473,9.59,15.49,cereals and tubers,Rice (imported),64,KG,actual,Retail,XAF,550.42,0.98
TCD,2025-12-15,Mayo Kebbi Est,Kabia,Pont Karol,4473,9.59,15.49,cereals and tubers,Wheat flour,58,KG,actual,Retail,XAF,721.48,1.29
TCD,2025-12-15,Mayo Kebbi Est,Mayo Boneye,Bongor,1964,10.28,15.39,cereals and tubers,Maize (white),67,KG,actual,Retail,XAF,202.36,0.36
TCD,2025-12-15,Mayo Kebbi Est,Mayo Boneye,Bongor,1964,10.28,15.39,cereals and tubers,Rice (imported),64,KG,actual,Retail,XAF,577.21,1.03
TCD,2025-12-15,Mayo Kebbi Est,Mont Illi,Fianga,2711,9.92,15.12,cereals and tubers,Maize (white),67,KG,actual,Retail,XAF,202.36,0.36
TCD,2025-12-15,Mayo Kebbi Est,Mont Illi,Fianga,2711,9.92,15.12,cereals and tubers,Wheat flour,58,KG,actual,Retail,XAF,779.98,1.4
TCD,2025-12-15,Mayo Kebbi Ouest,Lac-LBrn,Lere,2721,9.66,14.22,cereals and tubers,Maize (white),67,KG,actual,Retail,XAF,192.39,0.34
TCD,2025-12-15,Mayo Kebbi Ouest,Lac-LBrn,Lere,2721,9.66,14.22,cereals and tubers,Rice (imported),64,KG,actual,Retail,XAF,569.8,1.02
TCD,2025-12-15,Mayo Kebbi Ouest,Lac-LBrn,Lere,2721,9.66,14.22,cereals and tubers,Wheat flour,58,KG,actual,Retail,XAF,789,1.41
TCD,2025-12-15,Mayo Kebbi Ouest,Mayo Binder,Binder,8408,9.96,14.47,cereals and tubers,Maize (white),67,KG,actual,Retail,XAF,196.24,0.35
TCD,2025-12-15,Mayo Kebbi Ouest,Mayo Binder,Binder,8408,9.96,14.47,cereals and tubers,Rice (imported),64,KG,actual,Retail,XAF,596.47,1.07
TCD,2025-12-15,Mayo Kebbi Ouest,Mayo Binder,Binder,8408,9.96,14.47,cereals and tubers,Wheat flour,58,KG,actual,Retail,XAF,755.09,1.35
TCD,2025-12-15,Mayo Kebbi Ouest,Mayo-Dallah,Pala,2288,9.37,14.91,cereals and tubers,Maize (white),67,KG,actual,Retail,XAF,157.25,0.28
TCD,2025-12-15,Mayo Kebbi Ouest,Mayo-Dallah,Pala,2288,9.37,14.91,cereals and tubers,Rice (imported),64,KG,actual,Retail,XAF,550.53,0.98
TCD,2025-12-15,Mayo Kebbi Ouest,Mayo-Dallah,Pala,2288,9.37,14.91,cereals and tubers,Wheat flour,58,KG,actual,Retail,XAF,827.4,1.48
TCD,2025-12-15,Moyen Chari,Barh-K h,Sarh,235,9.14,18.39,cereals and tubers,Maize (white),67,KG,actual,Retail,XAF,202.1,0.36
TCD,2025-12-15,Moyen Chari,Barh-K h,Sarh,235,9.14,18.39,cereals and tubers,Rice (imported),64,KG,actual,Retail,XAF,566.01,1.01
TCD,2025-12-15,Moyen Chari,Barh-K h,Sarh,235,9.14,18.39,cereals and tubers,Wheat flour,58,KG,actual,Retail,XAF,648.41,1.16
TCD,2025-12-15,Moyen Chari,Grande Sido,Danamadji,5618,8.75,18.55,cereals and tubers,Maize (white),67,KG,actual,Retail,XAF,156.4,0.28
TCD,2025-12-15,Moyen Chari,Grande Sido,Danamadji,5618,8.75,18.55,cereals and tubers,Rice (imported),64,KG,actual,Retail,XAF,576.9,1.03
TCD,2025-12-15,Moyen Chari,Grande Sido,Danamadji,5618,8.75,18.55,cereals and tubers,Wheat flour,58,KG,actual,Retail,XAF,676.15,1.21
TCD,2025-12-15,Moyen Chari,Grande Sido,Maro,2285,8.42,18.77,cereals and tubers,Maize (white),67,KG,actual,Retail,XAF,148.58,0.27
TCD,2025-12-15,Moyen Chari,Grande Sido,Maro,2285,8.42,18.77,cereals and tubers,Rice (imported),64,KG,actual,Retail,XAF,604.91,1.08
TCD,2025-12-15,Moyen Chari,Grande Sido,Maro,2285,8.42,18.77,cereals and tubers,Wheat flour,58,KG,actual,Retail,XAF,672.29,1.2
TCD,2025-12-15,Moyen Chari,Grande Sido,Sido,4471,8.25,18.71,cereals and tubers,Rice (imported),64,KG,actual,Retail,XAF,618.09,1.11
TCD,2025-12-15,Moyen Chari,Grande Sido,Sido,4471,8.25,18.71,cereals and tubers,Wheat flour,58,KG,actual,Retail,XAF,692.04,1.24
TCD,2025-12-15,Moyen Chari,Lac Iro,Kyabe,2281,9.45,18.94,cereals and tubers,Maize (white),67,KG,actual,Retail,XAF,173.05,0.31
TCD,2025-12-15,Moyen Chari,Lac Iro,Kyabe,2281,9.45,18.94,cereals and tubers,Rice (imported),64,KG,actual,Retail,XAF,587.17,1.05
TCD,2025-12-15,Ndjaména,Ndjamena,Dembe,11368,12.1,15.08,cereals and tubers,Maize (white),67,KG,actual,Retail,XAF,287.24,0.51
TCD,2025-12-15,Ndjaména,Ndjamena,Dembe,11368,12.1,15.08,cereals and tubers,Rice (imported),64,KG,actual,Retail,XAF,601.08,1.08
TCD,2025-12-15,Ndjaména,Ndjamena,Dembe,11368,12.1,15.08,cereals and tubers,Wheat flour,58,KG,actual,Retail,XAF,689.23,1.23
TCD,2025-12-15,Ndjaména,Ndjamena,N'djamena (Atrone),4515,12.09,15.13,cereals and tubers,Maize (white),67,KG,actual,Retail,XAF,280.06,0.5
TCD,2025-12-15,Ndjaména,Ndjamena,N'djamena (Atrone),4515,12.09,15.13,cereals and tubers,Wheat flour,58,KG,actual,Retail,XAF,683.2,1.22
TCD,2025-12-15,Ndjaména,Ndjamena,Ndjamena (Marche A Mil),4480,12.11,15.06,cereals and tubers,Maize (white),67,KG,actual,Retail,XAF,287.24,0.51
TCD,2025-12-15,Ndjaména,Ndjamena,Ndjamena (Marche A Mil),4480,12.11,15.06,cereals and tubers,Rice (imported),64,KG,actual,Retail,XAF,599.64,1.07
TCD,2025-12-15,Ndjaména,Ndjamena,Ndjamena (Marche A Mil),4480,12.11,15.06,cereals and tubers,Wheat flour,58,KG,actual,Retail,XAF,704.49,1.26
TCD,2025-12-15,Ouaddai,Assongha,Adre,4519,13.46,22.19,cereals and tubers,Rice (imported),64,KG,actual,Retail,XAF,909.09,1.63
TCD,2025-12-15,Ouaddai,Assongha,Adre,4519,13.46,22.19,cereals and tubers,Wheat flour,58,KG,actual,Retail,XAF,668.87,1.2
TCD,2025-12-15,Ouaddai,Ouara,Abeche,228,13.82,20.82,cereals and tubers,Maize (white),67,KG,actual,Retail,XAF,341.67,0.61
TCD,2025-12-15,Ouaddai,Ouara,Abeche,228,13.82,20.82,cereals and tubers,Rice (imported),64,KG,actual,Retail,XAF,871.56,1.56
TCD,2025-12-15,Ouaddai,Ouara,Abeche,228,13.82,20.82,cereals and tubers,Wheat flour,58,KG,actual,Retail,XAF,560.28,1
TCD,2025-12-15,Salamat,Aboudeia,Aboudeia,2286,11.45,19.28,cereals and tubers,Maize (white),67,KG,actual,Retail,XAF,175,0.31
TCD,2025-12-15,Salamat,Aboudeia,Aboudeia,2286,11.45,19.28,cereals and tubers,Rice (imported),64,KG,actual,Retail,XAF,630.93,1.13
TCD,2025-12-15,Salamat,Aboudeia,Aboudeia,2286,11.45,19.28,cereals and tubers,Wheat flour,58,KG,actual,Retail,XAF,645.12,1.15
TCD,2025-12-15,Salamat,Barh-Azoum,Am Timan,1962,11.04,20.28,cereals and tubers,Maize (white),67,KG,actual,Retail,XAF,144.38,0.26
TCD,2025-12-15,Salamat,Barh-Azoum,Am Timan,1962,11.04,20.28,cereals and tubers,Rice (imported),64,KG,actual,Retail,XAF,733.46,1.31
TCD,2025-12-15,Salamat,Barh-Azoum,Am Timan,1962,11.04,20.28,cereals and tubers,Wheat flour,58,KG,actual,Retail,XAF,681.82,1.22
TCD,2025-12-15,Sila,Kimiti,Goz Beida,2290,12.23,21.41,cereals and tubers,Rice (imported),64,KG,actual,Retail,XAF,731.86,1.31
TCD,2025-12-15,Sila,Kimiti,Goz Beida,2290,12.23,21.41,cereals and tubers,Wheat flour,58,KG,actual,Retail,XAF,581.62,1.04
TCD,2025-12-15,Tandjile,Tandjile-Centre,Bere,4508,9.31,16.15,cereals and tubers,Maize (white),67,KG,actual,Retail,XAF,206.18,0.37
TCD,2025-12-15,Tandjile,Tandjile-Centre,Bere,4508,9.31,16.15,cereals and tubers,Wheat flour,58,KG,actual,Retail,XAF,886.23,1.59
TCD,2025-12-15,Tandjile,Tandjile-Est,Laï,2289,9.4,16.31,cereals and tubers,Maize (white),67,KG,actual,Retail,XAF,217.03,0.39
TCD,2025-12-15,Tandjile,Tandjile-Est,Laï,2289,9.4,16.31,cereals and tubers,Rice (imported),64,KG,actual,Retail,XAF,534.78,0.96
TCD,2025-12-15,Tandjile,Tandjile-Est,Laï,2289,9.4,16.31,cereals and tubers,Wheat flour,58,KG,actual,Retail,XAF,826.87,1.48
TCD,2025-12-15,Tandjile,Tandjile-Ouest,Kélo,1963,9.31,15.8,cereals and tubers,Maize (white),67,KG,actual,Retail,XAF,196.35,0.35
TCD,2025-12-15,Tandjile,Tandjile-Ouest,Kélo,1963,9.31,15.8,cereals and tubers,Rice (imported),64,KG,actual,Retail,XAF,546.68,0.98
TCD,2025-12-15,Wadi Fira,Biltine,Biltine,2294,14.54,20.91,cereals and tubers,Rice (imported),64,KG,actual,Retail,XAF,694.02,1.24
TCD,2025-12-15,Wadi Fira,Biltine,Biltine,2294,14.54,20.91,cereals and tubers,Wheat flour,58,KG,actual,Retail,XAF,573.62,1.03
TCD,2025-12-15,Wadi Fira,Dar-Tama,Guereda,2713,14.52,22.09,cereals and tubers,Wheat flour,58,KG,actual,Retail,XAF,572.33,1.02
TCD,2025-12-15,Wadi Fira,Iriba,Iriba,2300,15.13,22.25,cereals and tubers,Rice (imported),64,KG,actual,Retail,XAF,907.39,1.62
TCD,2025-12-15,Wadi Fira,Iriba,Iriba,2300,15.13,22.25,cereals and tubers,Wheat flour,58,KG,actual,Retail,XAF,598.97,1.07
